{
  "type": "FeatureCollection",
  "features": [
    {
      "type": "Feature",
      "id": "flood-1",
      "properties": {
        "id": "flood-1",
        "flood_status": "INUNDATED"
      },
      "geometry": {
        "type": "Polygon",
        "coordinates": [
          [
            [
              87.88395,
              22.822499999999998
            ],
            [
              87.88395,
              22.819049999999997
            ],
            [
              87.8865,
              22.819049999999997
            ],
            [
              87.8865,
              22.822499999999998
            ],
            [
              87.88395,
              22.822499999999998
            ]
          ]
        ]
      }
    },
    {
      "type": "Feature",
      "id": "flood-2",
      "properties": {
        "id": "flood-2",
        "flood_status": "INUNDATED"
      },
      "geometry": {
        "type": "Polygon",
        "coordinates": [
          [
            [
              87.92985,
              22.822499999999998
            ],
            [
              87.92985,
              22.817899999999998
            ],
            [
              87.93665,
              22.817899999999998
            ],
            [
              87.93665,
              22.822499999999998
            ],
            [
              87.92985,
              22.822499999999998
            ]
          ]
        ]
      }
    },
    {
      "type": "Feature",
      "id": "flood-3",
      "properties": {
        "id": "flood-3",
        "flood_status": "INUNDATED"
      },
      "geometry": {
        "type": "Polygon",
        "coordinates": [
          [
            [
              87.8627,
              22.82135
            ],
            [
              87.8627,
              22.817899999999998
            ],
            [
              87.86525,
              22.817899999999998
            ],
            [
              87.86525,
              22.82135
            ],
            [
              87.8627,
              22.82135
            ]
          ]
        ]
      }
    },
    {
      "type": "Feature",
      "id": "flood-4",
      "properties": {
        "id": "flood-4",
        "flood_status": "INUNDATED"
      },
      "geometry": {
        "type": "Polygon",
        "coordinates": [
          [
            [
              87.90690000000001,
              22.82135
            ],
            [
              87.90690000000001,
              22.817899999999998
            ],
            [
              87.9103,
              22.817899999999998
            ],
            [
              87.9103,
              22.82135
            ],
            [
              87.90690000000001,
              22.82135
            ]
          ]
        ]
      }
    },
    {
      "type": "Feature",
      "id": "flood-5",
      "properties": {
        "id": "flood-5",
        "flood_status": "INUNDATED"
      },
      "geometry": {
        "type": "Polygon",
        "coordinates": [
          [
            [
              87.89415,
              22.819049999999997
            ],
            [
              87.89415,
              22.8156
            ],
            [
              87.89840000000001,
              22.8156
            ],
            [
              87.89840000000001,
              22.819049999999997
            ],
            [
              87.89415,
              22.819049999999997
            ]
          ]
        ]
      }
    },
    {
      "type": "Feature",
      "id": "flood-6",
      "properties": {
        "id": "flood-6",
        "flood_status": "INUNDATED"
      },
      "geometry": {
        "type": "Polygon",
        "coordinates": [
          [
            [
              87.8525,
              22.822499999999998
            ],
            [
              87.8525,
              22.81675
            ],
            [
              87.85335,
              22.81675
            ],
            [
              87.85335,
              22.813299999999998
            ],
            [
              87.85675,
              22.813299999999998
            ],
            [
              87.85675,
              22.81675
            ],
            [
              87.85845,
              22.81675
            ],
            [
              87.85845,
              22.817899999999998
            ],
            [
              87.8593,
              22.817899999999998
            ],
            [
              87.8593,
              22.822499999999998
            ],
            [
              87.8525,
              22.822499999999998
            ]
          ]
        ]
      }
    },
    {
      "type": "Feature",
      "id": "flood-7",
      "properties": {
        "id": "flood-7",
        "flood_status": "INUNDATED"
      },
      "geometry": {
        "type": "Polygon",
        "coordinates": [
          [
            [
              87.8661,
              22.822499999999998
            ],
            [
              87.8661,
              22.817899999999998
            ],
            [
              87.86695,
              22.817899999999998
            ],
            [
              87.86695,
              22.8156
            ],
            [
              87.8661,
              22.8156
            ],
            [
              87.8661,
              22.81215
            ],
            [
              87.8695,
              22.81215
            ],
            [
              87.8695,
              22.817899999999998
            ],
            [
              87.86865,
              22.817899999999998
            ],
            [
              87.86865,
              22.819049999999997
            ],
            [
              87.87205,
              22.819049999999997
            ],
            [
              87.87205,
              22.822499999999998
            ],
            [
              87.8661,
              22.822499999999998
            ]
          ]
        ]
      }
    },
    {
      "type": "Feature",
      "id": "flood-8",
      "properties": {
        "id": "flood-8",
        "flood_status": "INUNDATED"
      },
      "geometry": {
        "type": "Polygon",
        "coordinates": [
          [
            [
              87.90605000000001,
              22.81675
            ],
            [
              87.90605000000001,
              22.8156
            ],
            [
              87.90435000000001,
              22.8156
            ],
            [
              87.90435000000001,
              22.80755
            ],
            [
              87.90775000000001,
              22.80755
            ],
            [
              87.90775000000001,
              22.811
            ],
            [
              87.90945,
              22.811
            ],
            [
              87.90945,
              22.81675
            ],
            [
              87.90605000000001,
              22.81675
            ]
          ]
        ]
      }
    },
    {
      "type": "Feature",
      "id": "flood-9",
      "properties": {
        "id": "flood-9",
        "flood_status": "INUNDATED"
      },
      "geometry": {
        "type": "Polygon",
        "coordinates": [
          [
            [
              87.8661,
              22.811
            ],
            [
              87.8661,
              22.80755
            ],
            [
              87.86865,
              22.80755
            ],
            [
              87.86865,
              22.811
            ],
            [
              87.8661,
              22.811
            ]
          ]
        ]
      }
    },
    {
      "type": "Feature",
      "id": "flood-10",
      "properties": {
        "id": "flood-10",
        "flood_status": "INUNDATED"
      },
      "geometry": {
        "type": "Polygon",
        "coordinates": [
          [
            [
              87.9137,
              22.7995
            ],
            [
              87.9137,
              22.7926
            ],
            [
              87.91625,
              22.7926
            ],
            [
              87.91625,
              22.7949
            ],
            [
              87.91965,
              22.7949
            ],
            [
              87.91965,
              22.79835
            ],
            [
              87.91795,
              22.79835
            ],
            [
              87.91795,
              22.7995
            ],
            [
              87.9137,
              22.7995
            ]
          ]
        ]
      }
    },
    {
      "type": "Feature",
      "id": "flood-11",
      "properties": {
        "id": "flood-11",
        "flood_status": "INUNDATED"
      },
      "geometry": {
        "type": "Polygon",
        "coordinates": [
          [
            [
              87.92135,
              22.7926
            ],
            [
              87.92135,
              22.78915
            ],
            [
              87.9239,
              22.78915
            ],
            [
              87.9239,
              22.7926
            ],
            [
              87.92135,
              22.7926
            ]
          ]
        ]
      }
    },
    {
      "type": "Feature",
      "id": "flood-12",
      "properties": {
        "id": "flood-12",
        "flood_status": "INUNDATED"
      },
      "geometry": {
        "type": "Polygon",
        "coordinates": [
          [
            [
              87.878,
              22.7949
            ],
            [
              87.878,
              22.791449999999998
            ],
            [
              87.88055,
              22.791449999999998
            ],
            [
              87.88055,
              22.78915
            ],
            [
              87.87885,
              22.78915
            ],
            [
              87.87885,
              22.788
            ],
            [
              87.878,
              22.788
            ],
            [
              87.878,
              22.786849999999998
            ],
            [
              87.87715,
              22.786849999999998
            ],
            [
              87.87715,
              22.7834
            ],
            [
              87.8797,
              22.7834
            ],
            [
              87.8797,
              22.78455
            ],
            [
              87.8814,
              22.78455
            ],
            [
              87.8814,
              22.78915
            ],
            [
              87.88395,
              22.78915
            ],
            [
              87.88395,
              22.7926
            ],
            [
              87.8814,
              22.7926
            ],
            [
              87.8814,
              22.7949
            ],
            [
              87.878,
              22.7949
            ]
          ]
        ]
      }
    },
    {
      "type": "Feature",
      "id": "flood-13",
      "properties": {
        "id": "flood-13",
        "flood_status": "INUNDATED"
      },
      "geometry": {
        "type": "Polygon",
        "coordinates": [
          [
            [
              87.8559,
              22.78455
            ],
            [
              87.8559,
              22.7811
            ],
            [
              87.85335,
              22.7811
            ],
            [
              87.85335,
              22.77995
            ],
            [
              87.8525,
              22.77995
            ],
            [
              87.8525,
              22.7765
            ],
            [
              87.85335,
              22.7765
            ],
            [
              87.85335,
              22.77535
            ],
            [
              87.8542,
              22.77535
            ],
            [
              87.8542,
              22.7719
            ],
            [
              87.85505,
              22.7719
            ],
            [
              87.85505,
              22.77075
            ],
            [
              87.85335,
              22.77075
            ],
            [
              87.85335,
              22.7696
            ],
            [
              87.8525,
              22.7696
            ],
            [
              87.8525,
              22.76615
            ],
            [
              87.85505,
              22.76615
            ],
            [
              87.85505,
              22.7673
            ],
            [
              87.85675,
              22.7673
            ],
            [
              87.85675,
              22.768449999999998
            ],
            [
              87.8576,
              22.768449999999998
            ],
            [
              87.8576,
              22.7742
            ],
            [
              87.85675,
              22.7742
            ],
            [
              87.85675,
              22.77535
            ],
            [
              87.85845,
              22.77535
            ],
            [
              87.85845,
              22.77075
            ],
            [
              87.861,
              22.77075
            ],
            [
              87.861,
              22.777649999999998
            ],
            [
              87.8593,
              22.777649999999998
            ],
            [
              87.8593,
              22.782249999999998
            ],
            [
              87.85845,
              22.782249999999998
            ],
            [
              87.85845,
              22.78455
            ],
            [
              87.8559,
              22.78455
            ]
          ],
          [
            [
              87.8559,
              22.7765
            ],
            [
              87.85675,
              22.7765
            ],
            [
              87.85675,
              22.77535
            ],
            [
              87.8559,
              22.77535
            ],
            [
              87.8559,
              22.7765
            ]
          ]
        ]
      }
    },
    {
      "type": "Feature",
      "id": "flood-14",
      "properties": {
        "id": "flood-14",
        "flood_status": "INUNDATED"
      },
      "geometry": {
        "type": "Polygon",
        "coordinates": [
          [
            [
              87.92475,
              22.7696
            ],
            [
              87.92475,
              22.76615
            ],
            [
              87.9256,
              22.76615
            ],
            [
              87.9256,
              22.765
            ],
            [
              87.9273,
              22.765
            ],
            [
              87.9273,
              22.760399999999997
            ],
            [
              87.92985,
              22.760399999999997
            ],
            [
              87.92985,
              22.765
            ],
            [
              87.92815,
              22.765
            ],
            [
              87.92815,
              22.7696
            ],
            [
              87.92475,
              22.7696
            ]
          ]
        ]
      }
    },
    {
      "type": "Feature",
      "id": "flood-15",
      "properties": {
        "id": "flood-15",
        "flood_status": "INUNDATED"
      },
      "geometry": {
        "type": "Polygon",
        "coordinates": [
          [
            [
              87.8542,
              22.754649999999998
            ],
            [
              87.8542,
              22.7535
            ],
            [
              87.8525,
              22.7535
            ],
            [
              87.8525,
              22.7489
            ],
            [
              87.8542,
              22.7489
            ],
            [
              87.8542,
              22.74315
            ],
            [
              87.8525,
              22.74315
            ],
            [
              87.8525,
              22.732799999999997
            ],
            [
              87.8559,
              22.732799999999997
            ],
            [
              87.8559,
              22.7351
            ],
            [
              87.85845,
              22.7351
            ],
            [
              87.85845,
              22.74085
            ],
            [
              87.8593,
              22.74085
            ],
            [
              87.8593,
              22.745449999999998
            ],
            [
              87.85845,
              22.745449999999998
            ],
            [
              87.85845,
              22.7489
            ],
            [
              87.85675,
              22.7489
            ],
            [
              87.85675,
              22.754649999999998
            ],
            [
              87.8542,
              22.754649999999998
            ]
          ]
        ]
      }
    },
    {
      "type": "Feature",
      "id": "flood-16",
      "properties": {
        "id": "flood-16",
        "flood_status": "INUNDATED"
      },
      "geometry": {
        "type": "Polygon",
        "coordinates": [
          [
            [
              87.9341,
              22.72935
            ],
            [
              87.9341,
              22.7259
            ],
            [
              87.93665,
              22.7259
            ],
            [
              87.93665,
              22.72935
            ],
            [
              87.9341,
              22.72935
            ]
          ]
        ]
      }
    },
    {
      "type": "Feature",
      "id": "flood-17",
      "properties": {
        "id": "flood-17",
        "flood_status": "INUNDATED"
      },
      "geometry": {
        "type": "Polygon",
        "coordinates": [
          [
            [
              87.9205,
              22.718999999999998
            ],
            [
              87.9205,
              22.71555
            ],
            [
              87.9239,
              22.71555
            ],
            [
              87.9239,
              22.718999999999998
            ],
            [
              87.9205,
              22.718999999999998
            ]
          ]
        ]
      }
    },
    {
      "type": "Feature",
      "id": "flood-18",
      "properties": {
        "id": "flood-18",
        "flood_status": "INUNDATED"
      },
      "geometry": {
        "type": "Polygon",
        "coordinates": [
          [
            [
              87.9256,
              22.718999999999998
            ],
            [
              87.9256,
              22.71555
            ],
            [
              87.92815,
              22.71555
            ],
            [
              87.92815,
              22.718999999999998
            ],
            [
              87.9256,
              22.718999999999998
            ]
          ]
        ]
      }
    },
    {
      "type": "Feature",
      "id": "flood-19",
      "properties": {
        "id": "flood-19",
        "flood_status": "INUNDATED"
      },
      "geometry": {
        "type": "Polygon",
        "coordinates": [
          [
            [
              87.9341,
              22.72475
            ],
            [
              87.9341,
              22.7213
            ],
            [
              87.93325,
              22.7213
            ],
            [
              87.93325,
              22.7167
            ],
            [
              87.9341,
              22.7167
            ],
            [
              87.9341,
              22.71325
            ],
            [
              87.93495,
              22.71325
            ],
            [
              87.93495,
              22.709799999999998
            ],
            [
              87.9375,
              22.709799999999998
            ],
            [
              87.9375,
              22.7167
            ],
            [
              87.9358,
              22.7167
            ],
            [
              87.9358,
              22.718999999999998
            ],
            [
              87.93665,
              22.718999999999998
            ],
            [
              87.93665,
              22.72015
            ],
            [
              87.9375,
              22.72015
            ],
            [
              87.9375,
              22.72475
            ],
            [
              87.9341,
              22.72475
            ]
          ]
        ]
      }
    },
    {
      "type": "Feature",
      "id": "flood-20",
      "properties": {
        "id": "flood-20",
        "flood_status": "INUNDATED"
      },
      "geometry": {
        "type": "Polygon",
        "coordinates": [
          [
            [
              87.85845,
              22.7121
            ],
            [
              87.85845,
              22.70865
            ],
            [
              87.8593,
              22.70865
            ],
            [
              87.8593,
              22.7075
            ],
            [
              87.8627,
              22.7075
            ],
            [
              87.8627,
              22.70865
            ],
            [
              87.8644,
              22.70865
            ],
            [
              87.8644,
              22.7121
            ],
            [
              87.85845,
              22.7121
            ]
          ]
        ]
      }
    },
    {
      "type": "Feature",
      "id": "flood-21",
      "properties": {
        "id": "flood-21",
        "flood_status": "INUNDATED"
      },
      "geometry": {
        "type": "Polygon",
        "coordinates": [
          [
            [
              87.90520000000001,
              22.7121
            ],
            [
              87.90520000000001,
              22.7075
            ],
            [
              87.9086,
              22.7075
            ],
            [
              87.9086,
              22.71095
            ],
            [
              87.90775000000001,
              22.71095
            ],
            [
              87.90775000000001,
              22.7121
            ],
            [
              87.90520000000001,
              22.7121
            ]
          ]
        ]
      }
    },
    {
      "type": "Feature",
      "id": "flood-22",
      "properties": {
        "id": "flood-22",
        "flood_status": "INUNDATED"
      },
      "geometry": {
        "type": "Polygon",
        "coordinates": [
          [
            [
              87.8729,
              22.822499999999998
            ],
            [
              87.8729,
              22.819049999999997
            ],
            [
              87.87375,
              22.819049999999997
            ],
            [
              87.87375,
              22.817899999999998
            ],
            [
              87.8746,
              22.817899999999998
            ],
            [
              87.8746,
              22.81675
            ],
            [
              87.87885,
              22.81675
            ],
            [
              87.87885,
              22.817899999999998
            ],
            [
              87.8797,
              22.817899999999998
            ],
            [
              87.8797,
              22.8156
            ],
            [
              87.8814,
              22.8156
            ],
            [
              87.8814,
              22.813299999999998
            ],
            [
              87.88395,
              22.813299999999998
            ],
            [
              87.88395,
              22.81215
            ],
            [
              87.8831,
              22.81215
            ],
            [
              87.8831,
              22.808699999999998
            ],
            [
              87.88565,
              22.808699999999998
            ],
            [
              87.88565,
              22.80755
            ],
            [
              87.88225,
              22.80755
            ],
            [
              87.88225,
              22.809849999999997
            ],
            [
              87.8797,
              22.809849999999997
            ],
            [
              87.8797,
              22.81215
            ],
            [
              87.87715,
              22.81215
            ],
            [
              87.87715,
              22.809849999999997
            ],
            [
              87.8746,
              22.809849999999997
            ],
            [
              87.8746,
              22.81215
            ],
            [
              87.8729,
              22.81215
            ],
            [
              87.8729,
              22.814449999999997
            ],
            [
              87.87035,
              22.814449999999997
            ],
            [
              87.87035,
              22.811
            ],
            [
              87.87205,
              22.811
            ],
            [
              87.87205,
              22.80755
            ],
            [
              87.8729,
              22.80755
            ],
            [
              87.8729,
              22.805249999999997
            ],
            [
              87.87035,
              22.805249999999997
            ],
            [
              87.87035,
              22.80295
            ],
            [
              87.8695,
              22.80295
            ],
            [
              87.8695,
              22.8064
            ],
            [
              87.86695,
              22.8064
            ],
            [
              87.86695,
              22.80295
            ],
            [
              87.8661,
              22.80295
            ],
            [
              87.8661,
              22.8064
            ],
            [
              87.86525,
              22.8064
            ],
            [
              87.86525,
              22.808699999999998
            ],
            [
              87.86355,
              22.808699999999998
            ],
            [
              87.86355,
              22.809849999999997
            ],
            [
              87.86525,
              22.809849999999997
            ],
            [
              87.86525,
              22.813299999999998
            ],
            [
              87.8627,
              22.813299999999998
            ],
            [
              87.8627,
              22.811
            ],
            [
              87.86185,
              22.811
            ],
            [
              87.86185,
              22.814449999999997
            ],
            [
              87.86015,
              22.814449999999997
            ],
            [
              87.86015,
              22.8156
            ],
            [
              87.8576,
              22.8156
            ],
            [
              87.8576,
              22.811
            ],
            [
              87.85675,
              22.811
            ],
            [
              87.85675,
              22.81215
            ],
            [
              87.8525,
              22.81215
            ],
            [
              87.8525,
              22.808699999999998
            ],
            [
              87.85505,
              22.808699999999998
            ],
            [
              87.85505,
              22.80755
            ],
            [
              87.85335,
              22.80755
            ],
            [
              87.85335,
              22.805249999999997
            ],
            [
              87.8525,
              22.805249999999997
            ],
            [
              87.8525,
              22.8018
            ],
            [
              87.85505,
              22.8018
            ],
            [
              87.85505,
              22.800649999999997
            ],
            [
              87.85335,
              22.800649999999997
            ],
            [
              87.85335,
              22.7972
            ],
            [
              87.8542,
              22.7972
            ],
            [
              87.8542,
              22.79375
            ],
            [
              87.85505,
              22.79375
            ],
            [
              87.85505,
              22.7926
            ],
            [
              87.8542,
              22.7926
            ],
            [
              87.8542,
              22.78915
            ],
            [
              87.85845,
              22.78915
            ],
            [
              87.85845,
              22.7926
            ],
            [
              87.8593,
              22.7926
            ],
            [
              87.8593,
              22.791449999999998
            ],
            [
              87.8644,
              22.791449999999998
            ],
            [
              87.8644,
              22.788
            ],
            [
              87.86865,
              22.788
            ],
            [
              87.86865,
              22.7926
            ],
            [
              87.8644,
              22.7926
            ],
            [
              87.8644,
              22.7949
            ],
            [
              87.86695,
              22.7949
            ],
            [
              87.86695,
              22.79835
            ],
            [
              87.8678,
              22.79835
            ],
            [
              87.8678,
              22.7949
            ],
            [
              87.87035,
              22.7949
            ],
            [
              87.87035,
              22.79375
            ],
            [
              87.8712,
              22.79375
            ],
            [
              87.8712,
              22.791449999999998
            ],
            [
              87.8746,
              22.791449999999998
            ],
            [
              87.8746,
              22.7903
            ],
            [
              87.8695,
              22.7903
            ],
            [
              87.8695,
              22.786849999999998
            ],
            [
              87.8661,
              22.786849999999998
            ],
            [
              87.8661,
              22.78455
            ],
            [
              87.8644,
              22.78455
            ],
            [
              87.8644,
              22.786849999999998
            ],
            [
              87.86185,
              22.786849999999998
            ],
            [
              87.86185,
              22.77995
            ],
            [
              87.86525,
              22.77995
            ],
            [
              87.86525,
              22.7811
            ],
            [
              87.8661,
              22.7811
            ],
            [
              87.8661,
              22.77995
            ],
            [
              87.8678,
              22.77995
            ],
            [
              87.8678,
              22.7788
            ],
            [
              87.86695,
              22.7788
            ],
            [
              87.86695,
              22.7765
            ],
            [
              87.86525,
              22.7765
            ],
            [
              87.86525,
              22.7788
            ],
            [
              87.86185,
              22.7788
            ],
            [
              87.86185,
              22.77535
            ],
            [
              87.86355,
              22.77535
            ],
            [
              87.86355,
              22.773049999999998
            ],
            [
              87.86525,
              22.773049999999998
            ],
            [
              87.86525,
              22.7719
            ],
            [
              87.86865,
              22.7719
            ],
            [
              87.86865,
              22.77075
            ],
            [
              87.86355,
              22.77075
            ],
            [
              87.86355,
              22.76615
            ],
            [
              87.8627,
              22.76615
            ],
            [
              87.8627,
              22.7673
            ],
            [
              87.8593,
              22.7673
            ],
            [
              87.8593,
              22.763849999999998
            ],
            [
              87.85845,
              22.763849999999998
            ],
            [
              87.85845,
              22.7627
            ],
            [
              87.8576,
              22.7627
            ],
            [
              87.8576,
              22.765
            ],
            [
              87.8525,
              22.765
            ],
            [
              87.8525,
              22.760399999999997
            ],
            [
              87.85505,
              22.760399999999997
            ],
            [
              87.85505,
              22.75695
            ],
            [
              87.8576,
              22.75695
            ],
            [
              87.8576,
              22.755799999999997
            ],
            [
              87.8593,
              22.755799999999997
            ],
            [
              87.8593,
              22.754649999999998
            ],
            [
              87.861,
              22.754649999999998
            ],
            [
              87.861,
              22.7535
            ],
            [
              87.8576,
              22.7535
            ],
            [
              87.8576,
              22.750049999999998
            ],
            [
              87.86015,
              22.750049999999998
            ],
            [
              87.86015,
              22.7489
            ],
            [
              87.86525,
              22.7489
            ],
            [
              87.86525,
              22.751199999999997
            ],
            [
              87.8661,
              22.751199999999997
            ],
            [
              87.8661,
              22.74775
            ],
            [
              87.86865,
              22.74775
            ],
            [
              87.86865,
              22.7489
            ],
            [
              87.8695,
              22.7489
            ],
            [
              87.8695,
              22.746599999999997
            ],
            [
              87.8746,
              22.746599999999997
            ],
            [
              87.8746,
              22.7489
            ],
            [
              87.87545,
              22.7489
            ],
            [
              87.87545,
              22.745449999999998
            ],
            [
              87.8695,
              22.745449999999998
            ],
            [
              87.8695,
              22.741999999999997
            ],
            [
              87.86695,
              22.741999999999997
            ],
            [
              87.86695,
              22.74085
            ],
            [
              87.8661,
              22.74085
            ],
            [
              87.8661,
              22.741999999999997
            ],
            [
              87.86015,
              22.741999999999997
            ],
            [
              87.86015,
              22.73855
            ],
            [
              87.861,
              22.73855
            ],
            [
              87.861,
              22.737399999999997
            ],
            [
              87.86185,
              22.737399999999997
            ],
            [
              87.86185,
              22.73625
            ],
            [
              87.86015,
              22.73625
            ],
            [
              87.86015,
              22.732799999999997
            ],
            [
              87.86185,
              22.732799999999997
            ],
            [
              87.86185,
              22.73165
            ],
            [
              87.85845,
              22.73165
            ],
            [
              87.85845,
              22.728199999999998
            ],
            [
              87.8627,
              22.728199999999998
            ],
            [
              87.8627,
              22.72705
            ],
            [
              87.8576,
              22.72705
            ],
            [
              87.8576,
              22.723599999999998
            ],
            [
              87.85845,
              22.723599999999998
            ],
            [
              87.85845,
              22.72245
            ],
            [
              87.85675,
              22.72245
            ],
            [
              87.85675,
              22.72015
            ],
            [
              87.8559,
              22.72015
            ],
            [
              87.8559,
              22.72245
            ],
            [
              87.8525,
              22.72245
            ],
            [
              87.8525,
              22.7167
            ],
            [
              87.8542,
              22.7167
            ],
            [
              87.8542,
              22.71555
            ],
            [
              87.8525,
              22.71555
            ],
            [
              87.8525,
              22.7075
            ],
            [
              87.85505,
              22.7075
            ],
            [
              87.85505,
              22.7121
            ],
            [
              87.85675,
              22.7121
            ],
            [
              87.85675,
              22.71325
            ],
            [
              87.8576,
              22.71325
            ],
            [
              87.8576,
              22.7167
            ],
            [
              87.85845,
              22.7167
            ],
            [
              87.85845,
              22.71325
            ],
            [
              87.861,
              22.71325
            ],
            [
              87.861,
              22.714399999999998
            ],
            [
              87.86185,
              22.714399999999998
            ],
            [
              87.86185,
              22.71785
            ],
            [
              87.8593,
              22.71785
            ],
            [
              87.8593,
              22.718999999999998
            ],
            [
              87.86015,
              22.718999999999998
            ],
            [
              87.86015,
              22.72015
            ],
            [
              87.86185,
              22.72015
            ],
            [
              87.86185,
              22.723599999999998
            ],
            [
              87.8627,
              22.723599999999998
            ],
            [
              87.8627,
              22.7213
            ],
            [
              87.86525,
              22.7213
            ],
            [
              87.86525,
              22.723599999999998
            ],
            [
              87.8661,
              22.723599999999998
            ],
            [
              87.8661,
              22.7213
            ],
            [
              87.86865,
              22.7213
            ],
            [
              87.86865,
              22.72475
            ],
            [
              87.86695,
              22.72475
            ],
            [
              87.86695,
              22.72705
            ],
            [
              87.8661,
              22.72705
            ],
            [
              87.8661,
              22.728199999999998
            ],
            [
              87.8678,
              22.728199999999998
            ],
            [
              87.8678,
              22.72935
            ],
            [
              87.8695,
              22.72935
            ],
            [
              87.8695,
              22.73165
            ],
            [
              87.87035,
              22.73165
            ],
            [
              87.87035,
              22.732799999999997
            ],
            [
              87.8712,
              22.732799999999997
            ],
            [
              87.8712,
              22.7305
            ],
            [
              87.87205,
              22.7305
            ],
            [
              87.87205,
              22.72935
            ],
            [
              87.8712,
              22.72935
            ],
            [
              87.8712,
              22.7259
            ],
            [
              87.87375,
              22.7259
            ],
            [
              87.87375,
              22.72705
            ],
            [
              87.8746,
              22.72705
            ],
            [
              87.8746,
              22.7213
            ],
            [
              87.87545,
              22.7213
            ],
            [
              87.87545,
              22.72015
            ],
            [
              87.87715,
              22.72015
            ],
            [
              87.87715,
              22.718999999999998
            ],
            [
              87.8746,
              22.718999999999998
            ],
            [
              87.8746,
              22.71555
            ],
            [
              87.87375,
              22.71555
            ],
            [
              87.87375,
              22.7213
            ],
            [
              87.87035,
              22.7213
            ],
            [
              87.87035,
              22.718999999999998
            ],
            [
              87.8695,
              22.718999999999998
            ],
            [
              87.8695,
              22.72015
            ],
            [
              87.8661,
              22.72015
            ],
            [
              87.8661,
              22.718999999999998
            ],
            [
              87.86525,
              22.718999999999998
            ],
            [
              87.86525,
              22.72015
            ],
            [
              87.8627,
              22.72015
            ],
            [
              87.8627,
              22.71325
            ],
            [
              87.8644,
              22.71325
            ],
            [
              87.8644,
              22.7121
            ],
            [
              87.8661,
              22.7121
            ],
            [
              87.8661,
              22.71095
            ],
            [
              87.87205,
              22.71095
            ],
            [
              87.87205,
              22.7075
            ],
            [
              87.8814,
              22.7075
            ],
            [
              87.8814,
              22.7121
            ],
            [
              87.88225,
              22.7121
            ],
            [
              87.88225,
              22.709799999999998
            ],
            [
              87.8831,
              22.709799999999998
            ],
            [
              87.8831,
              22.70865
            ],
            [
              87.88395,
              22.70865
            ],
            [
              87.88395,
              22.7075
            ],
            [
              87.88905,
              22.7075
            ],
            [
              87.88905,
              22.71095
            ],
            [
              87.8899,
              22.71095
            ],
            [
              87.8899,
              22.7075
            ],
            [
              87.89755000000001,
              22.7075
            ],
            [
              87.89755000000001,
              22.70865
            ],
            [
              87.90265000000001,
              22.70865
            ],
            [
              87.90265000000001,
              22.7121
            ],
            [
              87.90435000000001,
              22.7121
            ],
            [
              87.90435000000001,
              22.714399999999998
            ],
            [
              87.90690000000001,
              22.714399999999998
            ],
            [
              87.90690000000001,
              22.7167
            ],
            [
              87.90945,
              22.7167
            ],
            [
              87.90945,
              22.71555
            ],
            [
              87.91285,
              22.71555
            ],
            [
              87.91285,
              22.71325
            ],
            [
              87.9103,
              22.71325
            ],
            [
              87.9103,
              22.7121
            ],
            [
              87.90945,
              22.7121
            ],
            [
              87.90945,
              22.70865
            ],
            [
              87.9103,
              22.70865
            ],
            [
              87.9103,
              22.7075
            ],
            [
              87.91455,
              22.7075
            ],
            [
              87.91455,
              22.709799999999998
            ],
            [
              87.9154,
              22.709799999999998
            ],
            [
              87.9154,
              22.70865
            ],
            [
              87.91795,
              22.70865
            ],
            [
              87.91795,
              22.709799999999998
            ],
            [
              87.9188,
              22.709799999999998
            ],
            [
              87.9188,
              22.7075
            ],
            [
              87.92135,
              22.7075
            ],
            [
              87.92135,
              22.709799999999998
            ],
            [
              87.92645,
              22.709799999999998
            ],
            [
              87.92645,
              22.71095
            ],
            [
              87.9273,
              22.71095
            ],
            [
              87.9273,
              22.7075
            ],
            [
              87.93325,
              22.7075
            ],
            [
              87.93325,
              22.71095
            ],
            [
              87.9307,
              22.71095
            ],
            [
              87.9307,
              22.7121
            ],
            [
              87.9324,
              22.7121
            ],
            [
              87.9324,
              22.71785
            ],
            [
              87.92985,
              22.71785
            ],
            [
              87.92985,
              22.71325
            ],
            [
              87.92815,
              22.71325
            ],
            [
              87.92815,
              22.714399999999998
            ],
            [
              87.9239,
              22.714399999999998
            ],
            [
              87.9239,
              22.71325
            ],
            [
              87.91965,
              22.71325
            ],
            [
              87.91965,
              22.71555
            ],
            [
              87.9154,
              22.71555
            ],
            [
              87.9154,
              22.7167
            ],
            [
              87.9171,
              22.7167
            ],
            [
              87.9171,
              22.72015
            ],
            [
              87.91625,
              22.72015
            ],
            [
              87.91625,
              22.7213
            ],
            [
              87.9205,
              22.7213
            ],
            [
              87.9205,
              22.723599999999998
            ],
            [
              87.92135,
              22.723599999999998
            ],
            [
              87.92135,
              22.7213
            ],
            [
              87.9239,
              22.7213
            ],
            [
              87.9239,
              22.72475
            ],
            [
              87.92475,
              22.72475
            ],
            [
              87.92475,
              22.72245
            ],
            [
              87.9273,
              22.72245
            ],
            [
              87.9273,
              22.72015
            ],
            [
              87.92985,
              22.72015
            ],
            [
              87.92985,
              22.718999999999998
            ],
            [
              87.9324,
              22.718999999999998
            ],
            [
              87.9324,
              22.7213
            ],
            [
              87.93325,
              22.7213
            ],
            [
              87.93325,
              22.72475
            ],
            [
              87.9307,
              22.72475
            ],
            [
              87.9307,
              22.723599999999998
            ],
            [
              87.92985,
              22.723599999999998
            ],
            [
              87.92985,
              22.7259
            ],
            [
              87.93155,
              22.7259
            ],
            [
              87.93155,
              22.72935
            ],
            [
              87.9341,
              22.72935
            ],
            [
              87.9341,
              22.732799999999997
            ],
            [
              87.93665,
              22.732799999999997
            ],
            [
              87.93665,
              22.7351
            ],
            [
              87.9375,
              22.7351
            ],
            [
              87.9375,
              22.73855
            ],
            [
              87.9358,
              22.73855
            ],
            [
              87.9358,
              22.741999999999997
            ],
            [
              87.9375,
              22.741999999999997
            ],
            [
              87.9375,
              22.74775
            ],
            [
              87.93495,
              22.74775
            ],
            [
              87.93495,
              22.7489
            ],
            [
              87.9375,
              22.7489
            ],
            [
              87.9375,
              22.754649999999998
            ],
            [
              87.93665,
              22.754649999999998
            ],
            [
              87.93665,
              22.755799999999997
            ],
            [
              87.9375,
              22.755799999999997
            ],
            [
              87.9375,
              22.759249999999998
            ],
            [
              87.93495,
              22.759249999999998
            ],
            [
              87.93495,
              22.763849999999998
            ],
            [
              87.9375,
              22.763849999999998
            ],
            [
              87.9375,
              22.7719
            ],
            [
              87.93495,
              22.7719
            ],
            [
              87.93495,
              22.77075
            ],
            [
              87.93325,
              22.77075
            ],
            [
              87.93325,
              22.7696
            ],
            [
              87.9324,
              22.7696
            ],
            [
              87.9324,
              22.7673
            ],
            [
              87.9307,
              22.7673
            ],
            [
              87.9307,
              22.7627
            ],
            [
              87.9324,
              22.7627
            ],
            [
              87.9324,
              22.76155
            ],
            [
              87.93155,
              22.76155
            ],
            [
              87.93155,
              22.7581
            ],
            [
              87.92985,
              22.7581
            ],
            [
              87.92985,
              22.7535
            ],
            [
              87.929,
              22.7535
            ],
            [
              87.929,
              22.754649999999998
            ],
            [
              87.92645,
              22.754649999999998
            ],
            [
              87.92645,
              22.7581
            ],
            [
              87.92475,
              22.7581
            ],
            [
              87.92475,
              22.759249999999998
            ],
            [
              87.9239,
              22.759249999999998
            ],
            [
              87.9239,
              22.760399999999997
            ],
            [
              87.9256,
              22.760399999999997
            ],
            [
              87.9256,
              22.763849999999998
            ],
            [
              87.92135,
              22.763849999999998
            ],
            [
              87.92135,
              22.765
            ],
            [
              87.9239,
              22.765
            ],
            [
              87.9239,
              22.7719
            ],
            [
              87.92475,
              22.7719
            ],
            [
              87.92475,
              22.77075
            ],
            [
              87.9273,
              22.77075
            ],
            [
              87.9273,
              22.7719
            ],
            [
              87.9324,
              22.7719
            ],
            [
              87.9324,
              22.773049999999998
            ],
            [
              87.93665,
              22.773049999999998
            ],
            [
              87.93665,
              22.7742
            ],
            [
              87.9375,
              22.7742
            ],
            [
              87.9375,
              22.7811
            ],
            [
              87.93495,
              22.7811
            ],
            [
              87.93495,
              22.782249999999998
            ],
            [
              87.9324,
              22.782249999999998
            ],
            [
              87.9324,
              22.7834
            ],
            [
              87.93495,
              22.7834
            ],
            [
              87.93495,
              22.78455
            ],
            [
              87.93665,
              22.78455
            ],
            [
              87.93665,
              22.7857
            ],
            [
              87.9375,
              22.7857
            ],
            [
              87.9375,
              22.78915
            ],
            [
              87.9358,
              22.78915
            ],
            [
              87.9358,
              22.79835
            ],
            [
              87.93495,
              22.79835
            ],
            [
              87.93495,
              22.7995
            ],
            [
              87.9341,
              22.7995
            ],
            [
              87.9341,
              22.800649999999997
            ],
            [
              87.93665,
              22.800649999999997
            ],
            [
              87.93665,
              22.80295
            ],
            [
              87.9375,
              22.80295
            ],
            [
              87.9375,
              22.809849999999997
            ],
            [
              87.93495,
              22.809849999999997
            ],
            [
              87.93495,
              22.8064
            ],
            [
              87.9324,
              22.8064
            ],
            [
              87.9324,
              22.8041
            ],
            [
              87.93155,
              22.8041
            ],
            [
              87.93155,
              22.808699999999998
            ],
            [
              87.9341,
              22.808699999999998
            ],
            [
              87.9341,
              22.813299999999998
            ],
            [
              87.9375,
              22.813299999999998
            ],
            [
              87.9375,
              22.81675
            ],
            [
              87.93325,
              22.81675
            ],
            [
              87.93325,
              22.8156
            ],
            [
              87.9307,
              22.8156
            ],
            [
              87.9307,
              22.813299999999998
            ],
            [
              87.92985,
              22.813299999999998
            ],
            [
              87.92985,
              22.81675
            ],
            [
              87.92815,
              22.81675
            ],
            [
              87.92815,
              22.817899999999998
            ],
            [
              87.929,
              22.817899999999998
            ],
            [
              87.929,
              22.822499999999998
            ],
            [
              87.92645,
              22.822499999999998
            ],
            [
              87.92645,
              22.819049999999997
            ],
            [
              87.9256,
              22.819049999999997
            ],
            [
              87.9256,
              22.82135
            ],
            [
              87.92305,
              22.82135
            ],
            [
              87.92305,
              22.8202
            ],
            [
              87.9205,
              22.8202
            ],
            [
              87.9205,
              22.819049999999997
            ],
            [
              87.91795,
              22.819049999999997
            ],
            [
              87.91795,
              22.82135
            ],
            [
              87.91115,
              22.82135
            ],
            [
              87.91115,
              22.817899999999998
            ],
            [
              87.912,
              22.817899999999998
            ],
            [
              87.912,
              22.81675
            ],
            [
              87.9103,
              22.81675
            ],
            [
              87.9103,
              22.813299999999998
            ],
            [
              87.91115,
              22.813299999999998
            ],
            [
              87.91115,
              22.811
            ],
            [
              87.9103,
              22.811
            ],
            [
              87.9103,
              22.8064
            ],
            [
              87.91115,
              22.8064
            ],
            [
              87.91115,
              22.805249999999997
            ],
            [
              87.90945,
              22.805249999999997
            ],
            [
              87.90945,
              22.80295
            ],
            [
              87.9086,
              22.80295
            ],
            [
              87.9086,
              22.800649999999997
            ],
            [
              87.90775000000001,
              22.800649999999997
            ],
            [
              87.90775000000001,
              22.8018
            ],
            [
              87.90520000000001,
              22.8018
            ],
            [
              87.90520000000001,
              22.8064
            ],
            [
              87.90350000000001,
              22.8064
            ],
            [
              87.90350000000001,
              22.809849999999997
            ],
            [
              87.90095000000001,
              22.809849999999997
            ],
            [
              87.90095000000001,
              22.811
            ],
            [
              87.90265000000001,
              22.811
            ],
            [
              87.90265000000001,
              22.81215
            ],
            [
              87.90350000000001,
              22.81215
            ],
            [
              87.90350000000001,
              22.82135
            ],
            [
              87.90265000000001,
              22.82135
            ],
            [
              87.90265000000001,
              22.822499999999998
            ],
            [
              87.90010000000001,
              22.822499999999998
            ],
            [
              87.90010000000001,
              22.82135
            ],
            [
              87.89925000000001,
              22.82135
            ],
            [
              87.89925000000001,
              22.814449999999997
            ],
            [
              87.89585000000001,
              22.814449999999997
            ],
            [
              87.89585000000001,
              22.808699999999998
            ],
            [
              87.89670000000001,
              22.808699999999998
            ],
            [
              87.89670000000001,
              22.8064
            ],
            [
              87.89755000000001,
              22.8064
            ],
            [
              87.89755000000001,
              22.80295
            ],
            [
              87.89925000000001,
              22.80295
            ],
            [
              87.89925000000001,
              22.8018
            ],
            [
              87.89500000000001,
              22.8018
            ],
            [
              87.89500000000001,
              22.80295
            ],
            [
              87.89415,
              22.80295
            ],
            [
              87.89415,
              22.8041
            ],
            [
              87.8916,
              22.8041
            ],
            [
              87.8916,
              22.80295
            ],
            [
              87.88905,
              22.80295
            ],
            [
              87.88905,
              22.8018
            ],
            [
              87.8882,
              22.8018
            ],
            [
              87.8882,
              22.7972
            ],
            [
              87.88735,
              22.7972
            ],
            [
              87.88735,
              22.80295
            ],
            [
              87.88565,
              22.80295
            ],
            [
              87.88565,
              22.8041
            ],
            [
              87.8865,
              22.8041
            ],
            [
              87.8865,
              22.805249999999997
            ],
            [
              87.8882,
              22.805249999999997
            ],
            [
              87.8882,
              22.8064
            ],
            [
              87.8899,
              22.8064
            ],
            [
              87.8899,
              22.808699999999998
            ],
            [
              87.8916,
              22.808699999999998
            ],
            [
              87.8916,
              22.811
            ],
            [
              87.8933,
              22.811
            ],
            [
              87.8933,
              22.814449999999997
            ],
            [
              87.89075,
              22.814449999999997
            ],
            [
              87.89075,
              22.8156
            ],
            [
              87.8933,
              22.8156
            ],
            [
              87.8933,
              22.822499999999998
            ],
            [
              87.88905,
              22.822499999999998
            ],
            [
              87.88905,
              22.819049999999997
            ],
            [
              87.8899,
              22.819049999999997
            ],
            [
              87.8899,
              22.8156
            ],
            [
              87.8882,
              22.8156
            ],
            [
              87.8882,
              22.817899999999998
            ],
            [
              87.88395,
              22.817899999999998
            ],
            [
              87.88395,
              22.81675
            ],
            [
              87.8831,
              22.81675
            ],
            [
              87.8831,
              22.82135
            ],
            [
              87.8814,
              22.82135
            ],
            [
              87.8814,
              22.822499999999998
            ],
            [
              87.8729,
              22.822499999999998
            ]
          ],
          [
            [
              87.91455,
              22.817899999999998
            ],
            [
              87.9171,
              22.817899999999998
            ],
            [
              87.9171,
              22.81675
            ],
            [
              87.91625,
              22.81675
            ],
            [
              87.91625,
              22.813299999999998
            ],
            [
              87.91285,
              22.813299999999998
            ],
            [
              87.91285,
              22.814449999999997
            ],
            [
              87.91455,
              22.814449999999997
            ],
            [
              87.91455,
              22.817899999999998
            ]
          ],
          [
            [
              87.92475,
              22.817899999999998
            ],
            [
              87.9256,
              22.817899999999998
            ],
            [
              87.9256,
              22.8156
            ],
            [
              87.9273,
              22.8156
            ],
            [
              87.9273,
              22.814449999999997
            ],
            [
              87.9239,
              22.814449999999997
            ],
            [
              87.9239,
              22.8156
            ],
            [
              87.92475,
              22.8156
            ],
            [
              87.92475,
              22.817899999999998
            ]
          ],
          [
            [
              87.91965,
              22.8156
            ],
            [
              87.9205,
              22.8156
            ],
            [
              87.9205,
              22.813299999999998
            ],
            [
              87.9239,
              22.813299999999998
            ],
            [
              87.9239,
              22.811
            ],
            [
              87.92475,
              22.811
            ],
            [
              87.92475,
              22.809849999999997
            ],
            [
              87.9273,
              22.809849999999997
            ],
            [
              87.9273,
              22.81215
            ],
            [
              87.92815,
              22.81215
            ],
            [
              87.92815,
              22.809849999999997
            ],
            [
              87.929,
              22.809849999999997
            ],
            [
              87.929,
              22.808699999999998
            ],
            [
              87.92815,
              22.808699999999998
            ],
            [
              87.92815,
              22.80755
            ],
            [
              87.9273,
              22.80755
            ],
            [
              87.9273,
              22.808699999999998
            ],
            [
              87.9239,
              22.808699999999998
            ],
            [
              87.9239,
              22.8064
            ],
            [
              87.9222,
              22.8064
            ],
            [
              87.9222,
              22.8041
            ],
            [
              87.9205,
              22.8041
            ],
            [
              87.9205,
              22.7995
            ],
            [
              87.92135,
              22.7995
            ],
            [
              87.92135,
              22.79835
            ],
            [
              87.92475,
              22.79835
            ],
            [
              87.92475,
              22.800649999999997
            ],
            [
              87.9273,
              22.800649999999997
            ],
            [
              87.9273,
              22.8018
            ],
            [
              87.92815,
              22.8018
            ],
            [
              87.92815,
              22.805249999999997
            ],
            [
              87.929,
              22.805249999999997
            ],
            [
              87.929,
              22.8041
            ],
            [
              87.93155,
              22.8041
            ],
            [
              87.93155,
              22.80295
            ],
            [
              87.92985,
              22.80295
            ],
            [
              87.92985,
              22.7995
            ],
            [
              87.9273,
              22.7995
            ],
            [
              87.9273,
              22.79835
            ],
            [
              87.9256,
              22.79835
            ],
            [
              87.9256,
              22.79375
            ],
            [
              87.92645,
              22.79375
            ],
            [
              87.92645,
              22.7926
            ],
            [
              87.93155,
              22.7926
            ],
            [
              87.93155,
              22.78915
            ],
            [
              87.9324,
              22.78915
            ],
            [
              87.9324,
              22.788
            ],
            [
              87.92985,
              22.788
            ],
            [
              87.92985,
              22.791449999999998
            ],
            [
              87.9273,
              22.791449999999998
            ],
            [
              87.9273,
              22.788
            ],
            [
              87.9239,
              22.788
            ],
            [
              87.9239,
              22.786849999999998
            ],
            [
              87.9222,
              22.786849999999998
            ],
            [
              87.9222,
              22.7834
            ],
            [
              87.91965,
              22.7834
            ],
            [
              87.91965,
              22.782249999999998
            ],
            [
              87.9188,
              22.782249999999998
            ],
            [
              87.9188,
              22.7742
            ],
            [
              87.9222,
              22.7742
            ],
            [
              87.9222,
              22.773049999999998
            ],
            [
              87.92135,
              22.773049999999998
            ],
            [
              87.92135,
              22.768449999999998
            ],
            [
              87.91965,
              22.768449999999998
            ],
            [
              87.91965,
              22.77075
            ],
            [
              87.9188,
              22.77075
            ],
            [
              87.9188,
              22.7719
            ],
            [
              87.91625,
              22.7719
            ],
            [
              87.91625,
              22.768449999999998
            ],
            [
              87.91455,
              22.768449999999998
            ],
            [
              87.91455,
              22.7696
            ],
            [
              87.91285,
              22.7696
            ],
            [
              87.91285,
              22.7719
            ],
            [
              87.9154,
              22.7719
            ],
            [
              87.9154,
              22.773049999999998
            ],
            [
              87.91795,
              22.773049999999998
            ],
            [
              87.91795,
              22.7765
            ],
            [
              87.9171,
              22.7765
            ],
            [
              87.9171,
              22.77995
            ],
            [
              87.91285,
              22.77995
            ],
            [
              87.91285,
              22.7834
            ],
            [
              87.9137,
              22.7834
            ],
            [
              87.9137,
              22.782249999999998
            ],
            [
              87.91455,
              22.782249999999998
            ],
            [
              87.91455,
              22.7811
            ],
            [
              87.9171,
              22.7811
            ],
            [
              87.9171,
              22.782249999999998
            ],
            [
              87.91795,
              22.782249999999998
            ],
            [
              87.91795,
              22.7857
            ],
            [
              87.9171,
              22.7857
            ],
            [
              87.9171,
              22.786849999999998
            ],
            [
              87.9205,
              22.786849999999998
            ],
            [
              87.9205,
              22.791449999999998
            ],
            [
              87.9171,
              22.791449999999998
            ],
            [
              87.9171,
              22.78915
            ],
            [
              87.91285,
              22.78915
            ],
            [
              87.91285,
              22.7903
            ],
            [
              87.912,
              22.7903
            ],
            [
              87.912,
              22.791449999999998
            ],
            [
              87.91285,
              22.791449999999998
            ],
            [
              87.91285,
              22.7949
            ],
            [
              87.90945,
              22.7949
            ],
            [
              87.90945,
              22.79835
            ],
            [
              87.91115,
              22.79835
            ],
            [
              87.91115,
              22.7995
            ],
            [
              87.91285,
              22.7995
            ],
            [
              87.91285,
              22.800649999999997
            ],
            [
              87.9137,
              22.800649999999997
            ],
            [
              87.9137,
              22.805249999999997
            ],
            [
              87.9171,
              22.805249999999997
            ],
            [
              87.9171,
              22.800649999999997
            ],
            [
              87.91965,
              22.800649999999997
            ],
            [
              87.91965,
              22.80755
            ],
            [
              87.91795,
              22.80755
            ],
            [
              87.91795,
              22.808699999999998
            ],
            [
              87.9137,
              22.808699999999998
            ],
            [
              87.9137,
              22.809849999999997
            ],
            [
              87.9171,
              22.809849999999997
            ],
            [
              87.9171,
              22.813299999999998
            ],
            [
              87.91965,
              22.813299999999998
            ],
            [
              87.91965,
              22.8156
            ]
          ],
          [
            [
              87.88735,
              22.814449999999997
            ],
            [
              87.8882,
              22.814449999999997
            ],
            [
              87.8882,
              22.81215
            ],
            [
              87.88905,
              22.81215
            ],
            [
              87.88905,
              22.811
            ],
            [
              87.88735,
              22.811
            ],
            [
              87.88735,
              22.814449999999997
            ]
          ],
          [
            [
              87.88565,
              22.809849999999997
            ],
            [
              87.8865,
              22.809849999999997
            ],
            [
              87.8865,
              22.808699999999998
            ],
            [
              87.88565,
              22.808699999999998
            ],
            [
              87.88565,
              22.809849999999997
            ]
          ],
          [
            [
              87.87715,
              22.808699999999998
            ],
            [
              87.878,
              22.808699999999998
            ],
            [
              87.878,
              22.80755
            ],
            [
              87.87715,
              22.80755
            ],
            [
              87.87715,
              22.808699999999998
            ]
          ],
          [
            [
              87.85845,
              22.80755
            ],
            [
              87.8593,
              22.80755
            ],
            [
              87.8593,
              22.8041
            ],
            [
              87.86185,
              22.8041
            ],
            [
              87.86185,
              22.805249999999997
            ],
            [
              87.8627,
              22.805249999999997
            ],
            [
              87.8627,
              22.7995
            ],
            [
              87.86185,
              22.7995
            ],
            [
              87.86185,
              22.800649999999997
            ],
            [
              87.85845,
              22.800649999999997
            ],
            [
              87.85845,
              22.7995
            ],
            [
              87.8576,
              22.7995
            ],
            [
              87.8576,
              22.8018
            ],
            [
              87.85505,
              22.8018
            ],
            [
              87.85505,
              22.80295
            ],
            [
              87.8559,
              22.80295
            ],
            [
              87.8559,
              22.805249999999997
            ],
            [
              87.85845,
              22.805249999999997
            ],
            [
              87.85845,
              22.80755
            ]
          ],
          [
            [
              87.90010000000001,
              22.80755
            ],
            [
              87.90095000000001,
              22.80755
            ],
            [
              87.90095000000001,
              22.8064
            ],
            [
              87.90010000000001,
              22.8064
            ],
            [
              87.90010000000001,
              22.80755
            ]
          ],
          [
            [
              87.91285,
              22.80755
            ],
            [
              87.9137,
              22.80755
            ],
            [
              87.9137,
              22.8064
            ],
            [
              87.91285,
              22.8064
            ],
            [
              87.91285,
              22.80755
            ]
          ],
          [
            [
              87.8814,
              22.805249999999997
            ],
            [
              87.88225,
              22.805249999999997
            ],
            [
              87.88225,
              22.8041
            ],
            [
              87.8814,
              22.8041
            ],
            [
              87.8814,
              22.805249999999997
            ]
          ],
          [
            [
              87.8746,
              22.80295
            ],
            [
              87.87545,
              22.80295
            ],
            [
              87.87545,
              22.7995
            ],
            [
              87.8763,
              22.7995
            ],
            [
              87.8763,
              22.7972
            ],
            [
              87.88055,
              22.7972
            ],
            [
              87.88055,
              22.7995
            ],
            [
              87.8814,
              22.7995
            ],
            [
              87.8814,
              22.7972
            ],
            [
              87.88395,
              22.7972
            ],
            [
              87.88395,
              22.800649999999997
            ],
            [
              87.8848,
              22.800649999999997
            ],
            [
              87.8848,
              22.7972
            ],
            [
              87.88565,
              22.7972
            ],
            [
              87.88565,
              22.79375
            ],
            [
              87.8882,
              22.79375
            ],
            [
              87.8882,
              22.7903
            ],
            [
              87.89075,
              22.7903
            ],
            [
              87.89075,
              22.78915
            ],
            [
              87.8882,
              22.78915
            ],
            [
              87.8882,
              22.78455
            ],
            [
              87.88565,
              22.78455
            ],
            [
              87.88565,
              22.7857
            ],
            [
              87.8848,
              22.7857
            ],
            [
              87.8848,
              22.788
            ],
            [
              87.88225,
              22.788
            ],
            [
              87.88225,
              22.782249999999998
            ],
            [
              87.8848,
              22.782249999999998
            ],
            [
              87.8848,
              22.77995
            ],
            [
              87.88395,
              22.77995
            ],
            [
              87.88395,
              22.7765
            ],
            [
              87.88055,
              22.7765
            ],
            [
              87.88055,
              22.7811
            ],
            [
              87.8797,
              22.7811
            ],
            [
              87.8797,
              22.782249999999998
            ],
            [
              87.87715,
              22.782249999999998
            ],
            [
              87.87715,
              22.77995
            ],
            [
              87.8763,
              22.77995
            ],
            [
              87.8763,
              22.782249999999998
            ],
            [
              87.8746,
              22.782249999999998
            ],
            [
              87.8746,
              22.78455
            ],
            [
              87.87375,
              22.78455
            ],
            [
              87.87375,
              22.786849999999998
            ],
            [
              87.87545,
              22.786849999999998
            ],
            [
              87.87545,
              22.78915
            ],
            [
              87.87715,
              22.78915
            ],
            [
              87.87715,
              22.7926
            ],
            [
              87.8746,
              22.7926
            ],
            [
              87.8746,
              22.7949
            ],
            [
              87.87375,
              22.7949
            ],
            [
              87.87375,
              22.796049999999997
            ],
            [
              87.8746,
              22.796049999999997
            ],
            [
              87.8746,
              22.7995
            ],
            [
              87.87375,
              22.7995
            ],
            [
              87.87375,
              22.800649999999997
            ],
            [
              87.8746,
              22.800649999999997
            ],
            [
              87.8746,
              22.80295
            ]
          ],
          [
            [
              87.87885,
              22.80295
            ],
            [
              87.8797,
              22.80295
            ],
            [
              87.8797,
              22.8018
            ],
            [
              87.87885,
              22.8018
            ],
            [
              87.87885,
              22.80295
            ]
          ],
          [
            [
              87.87035,
              22.8018
            ],
            [
              87.8712,
              22.8018
            ],
            [
              87.8712,
              22.800649999999997
            ],
            [
              87.87035,
              22.800649999999997
            ],
            [
              87.87035,
              22.8018
            ]
          ],
          [
            [
              87.88225,
              22.8018
            ],
            [
              87.8831,
              22.8018
            ],
            [
              87.8831,
              22.800649999999997
            ],
            [
              87.88225,
              22.800649999999997
            ],
            [
              87.88225,
              22.8018
            ]
          ],
          [
            [
              87.89925000000001,
              22.8018
            ],
            [
              87.90010000000001,
              22.8018
            ],
            [
              87.90010000000001,
              22.7995
            ],
            [
              87.90180000000001,
              22.7995
            ],
            [
              87.90180000000001,
              22.79835
            ],
            [
              87.90350000000001,
              22.79835
            ],
            [
              87.90350000000001,
              22.7972
            ],
            [
              87.90605000000001,
              22.7972
            ],
            [
              87.90605000000001,
              22.7949
            ],
            [
              87.9086,
              22.7949
            ],
            [
              87.9086,
              22.7903
            ],
            [
              87.90775000000001,
              22.7903
            ],
            [
              87.90775000000001,
              22.78915
            ],
            [
              87.90690000000001,
              22.78915
            ],
            [
              87.90690000000001,
              22.788
            ],
            [
              87.90605000000001,
              22.788
            ],
            [
              87.90605000000001,
              22.7857
            ],
            [
              87.90350000000001,
              22.7857
            ],
            [
              87.90350000000001,
              22.782249999999998
            ],
            [
              87.90265000000001,
              22.782249999999998
            ],
            [
              87.90265000000001,
              22.7857
            ],
            [
              87.90010000000001,
              22.7857
            ],
            [
              87.90010000000001,
              22.7834
            ],
            [
              87.89925000000001,
              22.7834
            ],
            [
              87.89925000000001,
              22.7811
            ],
            [
              87.89840000000001,
              22.7811
            ],
            [
              87.89840000000001,
              22.7742
            ],
            [
              87.89500000000001,
              22.7742
            ],
            [
              87.89500000000001,
              22.773049999999998
            ],
            [
              87.89415,
              22.773049999999998
            ],
            [
              87.89415,
              22.77075
            ],
            [
              87.8933,
              22.77075
            ],
            [
              87.8933,
              22.7742
            ],
            [
              87.8916,
              22.7742
            ],
            [
              87.8916,
              22.7765
            ],
            [
              87.89585000000001,
              22.7765
            ],
            [
              87.89585000000001,
              22.7811
            ],
            [
              87.89415,
              22.7811
            ],
            [
              87.89415,
              22.782249999999998
            ],
            [
              87.89585000000001,
              22.782249999999998
            ],
            [
              87.89585000000001,
              22.788
            ],
            [
              87.89755000000001,
              22.788
            ],
            [
              87.89755000000001,
              22.78915
            ],
            [
              87.89840000000001,
              22.78915
            ],
            [
              87.89840000000001,
              22.7903
            ],
            [
              87.90010000000001,
              22.7903
            ],
            [
              87.90010000000001,
              22.79375
            ],
            [
              87.90180000000001,
              22.79375
            ],
            [
              87.90180000000001,
              22.7972
            ],
            [
              87.89925000000001,
              22.7972
            ],
            [
              87.89925000000001,
              22.796049999999997
            ],
            [
              87.89670000000001,
              22.796049999999997
            ],
            [
              87.89670000000001,
              22.7926
            ],
            [
              87.89415,
              22.7926
            ],
            [
              87.89415,
              22.788
            ],
            [
              87.8933,
              22.788
            ],
            [
              87.8933,
              22.7903
            ],
            [
              87.8916,
              22.7903
            ],
            [
              87.8916,
              22.79375
            ],
            [
              87.8882,
              22.79375
            ],
            [
              87.8882,
              22.796049999999997
            ],
            [
              87.89245,
              22.796049999999997
            ],
            [
              87.89245,
              22.79835
            ],
            [
              87.89925000000001,
              22.79835
            ],
            [
              87.89925000000001,
              22.8018
            ]
          ],
          [
            [
              87.90435000000001,
              22.8018
            ],
            [
              87.90520000000001,
              22.8018
            ],
            [
              87.90520000000001,
              22.800649999999997
            ],
            [
              87.90435000000001,
              22.800649999999997
            ],
            [
              87.90435000000001,
              22.8018
            ]
          ],
          [
            [
              87.9307,
              22.79835
            ],
            [
              87.93155,
              22.79835
            ],
            [
              87.93155,
              22.796049999999997
            ],
            [
              87.9307,
              22.796049999999997
            ],
            [
              87.9307,
              22.79835
            ]
          ],
          [
            [
              87.8627,
              22.7972
            ],
            [
              87.8644,
              22.7972
            ],
            [
              87.8644,
              22.796049999999997
            ],
            [
              87.8627,
              22.796049999999997
            ],
            [
              87.8627,
              22.7972
            ]
          ],
          [
            [
              87.8576,
              22.79375
            ],
            [
              87.85845,
              22.79375
            ],
            [
              87.85845,
              22.7926
            ],
            [
              87.8576,
              22.7926
            ],
            [
              87.8576,
              22.79375
            ]
          ],
          [
            [
              87.93325,
              22.788
            ],
            [
              87.9341,
              22.788
            ],
            [
              87.9341,
              22.786849999999998
            ],
            [
              87.93325,
              22.786849999999998
            ],
            [
              87.93325,
              22.788
            ]
          ],
          [
            [
              87.9103,
              22.786849999999998
            ],
            [
              87.91115,
              22.786849999999998
            ],
            [
              87.91115,
              22.7857
            ],
            [
              87.912,
              22.7857
            ],
            [
              87.912,
              22.78455
            ],
            [
              87.9103,
              22.78455
            ],
            [
              87.9103,
              22.786849999999998
            ]
          ],
          [
            [
              87.929,
              22.786849999999998
            ],
            [
              87.92985,
              22.786849999999998
            ],
            [
              87.92985,
              22.78455
            ],
            [
              87.929,
              22.78455
            ],
            [
              87.929,
              22.786849999999998
            ]
          ],
          [
            [
              87.89245,
              22.7857
            ],
            [
              87.8933,
              22.7857
            ],
            [
              87.8933,
              22.78455
            ],
            [
              87.89245,
              22.78455
            ],
            [
              87.89245,
              22.7857
            ]
          ],
          [
            [
              87.87035,
              22.78455
            ],
            [
              87.8712,
              22.78455
            ],
            [
              87.8712,
              22.7834
            ],
            [
              87.87035,
              22.7834
            ],
            [
              87.87035,
              22.78455
            ]
          ],
          [
            [
              87.8882,
              22.78455
            ],
            [
              87.8899,
              22.78455
            ],
            [
              87.8899,
              22.7834
            ],
            [
              87.88905,
              22.7834
            ],
            [
              87.88905,
              22.777649999999998
            ],
            [
              87.89075,
              22.777649999999998
            ],
            [
              87.89075,
              22.7765
            ],
            [
              87.88905,
              22.7765
            ],
            [
              87.88905,
              22.77535
            ],
            [
              87.8882,
              22.77535
            ],
            [
              87.8882,
              22.7788
            ],
            [
              87.88735,
              22.7788
            ],
            [
              87.88735,
              22.77995
            ],
            [
              87.8882,
              22.77995
            ],
            [
              87.8882,
              22.78455
            ]
          ],
          [
            [
              87.90945,
              22.78455
            ],
            [
              87.9103,
              22.78455
            ],
            [
              87.9103,
              22.7834
            ],
            [
              87.90945,
              22.7834
            ],
            [
              87.90945,
              22.78455
            ]
          ],
          [
            [
              87.8712,
              22.7834
            ],
            [
              87.87205,
              22.7834
            ],
            [
              87.87205,
              22.782249999999998
            ],
            [
              87.8712,
              22.782249999999998
            ],
            [
              87.8712,
              22.7834
            ]
          ],
          [
            [
              87.90605000000001,
              22.7834
            ],
            [
              87.90690000000001,
              22.7834
            ],
            [
              87.90690000000001,
              22.782249999999998
            ],
            [
              87.90605000000001,
              22.782249999999998
            ],
            [
              87.90605000000001,
              22.7834
            ]
          ],
          [
            [
              87.9256,
              22.7834
            ],
            [
              87.92645,
              22.7834
            ],
            [
              87.92645,
              22.7811
            ],
            [
              87.929,
              22.7811
            ],
            [
              87.929,
              22.77995
            ],
            [
              87.92645,
              22.77995
            ],
            [
              87.92645,
              22.7788
            ],
            [
              87.9256,
              22.7788
            ],
            [
              87.9256,
              22.7834
            ]
          ],
          [
            [
              87.90180000000001,
              22.7811
            ],
            [
              87.90265000000001,
              22.7811
            ],
            [
              87.90265000000001,
              22.7788
            ],
            [
              87.90435000000001,
              22.7788
            ],
            [
              87.90435000000001,
              22.777649999999998
            ],
            [
              87.90095000000001,
              22.777649999999998
            ],
            [
              87.90095000000001,
              22.7788
            ],
            [
              87.90180000000001,
              22.7788
            ],
            [
              87.90180000000001,
              22.7811
            ]
          ],
          [
            [
              87.9222,
              22.7811
            ],
            [
              87.92305,
              22.7811
            ],
            [
              87.92305,
              22.77995
            ],
            [
              87.9222,
              22.77995
            ],
            [
              87.9222,
              22.7811
            ]
          ],
          [
            [
              87.8695,
              22.7788
            ],
            [
              87.87035,
              22.7788
            ],
            [
              87.87035,
              22.777649999999998
            ],
            [
              87.8729,
              22.777649999999998
            ],
            [
              87.8729,
              22.7765
            ],
            [
              87.87035,
              22.7765
            ],
            [
              87.87035,
              22.7742
            ],
            [
              87.8695,
              22.7742
            ],
            [
              87.8695,
              22.7788
            ]
          ],
          [
            [
              87.87545,
              22.7788
            ],
            [
              87.8763,
              22.7788
            ],
            [
              87.8763,
              22.777649999999998
            ],
            [
              87.87545,
              22.777649999999998
            ],
            [
              87.87545,
              22.7788
            ]
          ],
          [
            [
              87.92985,
              22.7788
            ],
            [
              87.9307,
              22.7788
            ],
            [
              87.9307,
              22.777649999999998
            ],
            [
              87.92985,
              22.777649999999998
            ],
            [
              87.92985,
              22.7788
            ]
          ],
          [
            [
              87.90690000000001,
              22.777649999999998
            ],
            [
              87.90775000000001,
              22.777649999999998
            ],
            [
              87.90775000000001,
              22.7765
            ],
            [
              87.90690000000001,
              22.7765
            ],
            [
              87.90690000000001,
              22.777649999999998
            ]
          ],
          [
            [
              87.912,
              22.777649999999998
            ],
            [
              87.91285,
              22.777649999999998
            ],
            [
              87.91285,
              22.773049999999998
            ],
            [
              87.912,
              22.773049999999998
            ],
            [
              87.912,
              22.7742
            ],
            [
              87.91115,
              22.7742
            ],
            [
              87.91115,
              22.77535
            ],
            [
              87.912,
              22.77535
            ],
            [
              87.912,
              22.777649999999998
            ]
          ],
          [
            [
              87.8729,
              22.7765
            ],
            [
              87.87375,
              22.7765
            ],
            [
              87.87375,
              22.77535
            ],
            [
              87.8729,
              22.77535
            ],
            [
              87.8729,
              22.7765
            ]
          ],
          [
            [
              87.8763,
              22.7765
            ],
            [
              87.87715,
              22.7765
            ],
            [
              87.87715,
              22.773049999999998
            ],
            [
              87.87545,
              22.773049999999998
            ],
            [
              87.87545,
              22.7742
            ],
            [
              87.8763,
              22.7742
            ],
            [
              87.8763,
              22.7765
            ]
          ],
          [
            [
              87.88395,
              22.7765
            ],
            [
              87.8848,
              22.7765
            ],
            [
              87.8848,
              22.77535
            ],
            [
              87.88395,
              22.77535
            ],
            [
              87.88395,
              22.7765
            ]
          ],
          [
            [
              87.90520000000001,
              22.7765
            ],
            [
              87.90605000000001,
              22.7765
            ],
            [
              87.90605000000001,
              22.77535
            ],
            [
              87.90520000000001,
              22.77535
            ],
            [
              87.90520000000001,
              22.7765
            ]
          ],
          [
            [
              87.93155,
              22.7765
            ],
            [
              87.9324,
              22.7765
            ],
            [
              87.9324,
              22.77535
            ],
            [
              87.93155,
              22.77535
            ],
            [
              87.93155,
              22.7765
            ]
          ],
          [
            [
              87.8797,
              22.77535
            ],
            [
              87.88055,
              22.77535
            ],
            [
              87.88055,
              22.773049999999998
            ],
            [
              87.88225,
              22.773049999999998
            ],
            [
              87.88225,
              22.7719
            ],
            [
              87.8797,
              22.7719
            ],
            [
              87.8797,
              22.77535
            ]
          ],
          [
            [
              87.88565,
              22.77535
            ],
            [
              87.8865,
              22.77535
            ],
            [
              87.8865,
              22.7742
            ],
            [
              87.88565,
              22.7742
            ],
            [
              87.88565,
              22.77535
            ]
          ],
          [
            [
              87.86865,
              22.7742
            ],
            [
              87.8695,
              22.7742
            ],
            [
              87.8695,
              22.773049999999998
            ],
            [
              87.86865,
              22.773049999999998
            ],
            [
              87.86865,
              22.7742
            ]
          ],
          [
            [
              87.90180000000001,
              22.7742
            ],
            [
              87.90265000000001,
              22.7742
            ],
            [
              87.90265000000001,
              22.773049999999998
            ],
            [
              87.90180000000001,
              22.773049999999998
            ],
            [
              87.90180000000001,
              22.7742
            ]
          ],
          [
            [
              87.89840000000001,
              22.773049999999998
            ],
            [
              87.89925000000001,
              22.773049999999998
            ],
            [
              87.89925000000001,
              22.77075
            ],
            [
              87.89840000000001,
              22.77075
            ],
            [
              87.89840000000001,
              22.773049999999998
            ]
          ],
          [
            [
              87.90690000000001,
              22.773049999999998
            ],
            [
              87.90775000000001,
              22.773049999999998
            ],
            [
              87.90775000000001,
              22.7719
            ],
            [
              87.90690000000001,
              22.7719
            ],
            [
              87.90690000000001,
              22.773049999999998
            ]
          ],
          [
            [
              87.87205,
              22.7719
            ],
            [
              87.87545,
              22.7719
            ],
            [
              87.87545,
              22.768449999999998
            ],
            [
              87.878,
              22.768449999999998
            ],
            [
              87.878,
              22.7719
            ],
            [
              87.87885,
              22.7719
            ],
            [
              87.87885,
              22.768449999999998
            ],
            [
              87.8831,
              22.768449999999998
            ],
            [
              87.8831,
              22.77075
            ],
            [
              87.88395,
              22.77075
            ],
            [
              87.88395,
              22.768449999999998
            ],
            [
              87.8848,
              22.768449999999998
            ],
            [
              87.8848,
              22.7673
            ],
            [
              87.88225,
              22.7673
            ],
            [
              87.88225,
              22.763849999999998
            ],
            [
              87.8814,
              22.763849999999998
            ],
            [
              87.8814,
              22.7673
            ],
            [
              87.878,
              22.7673
            ],
            [
              87.878,
              22.765
            ],
            [
              87.87545,
              22.765
            ],
            [
              87.87545,
              22.76155
            ],
            [
              87.878,
              22.76155
            ],
            [
              87.878,
              22.763849999999998
            ],
            [
              87.87885,
              22.763849999999998
            ],
            [
              87.87885,
              22.7627
            ],
            [
              87.8797,
              22.7627
            ],
            [
              87.8797,
              22.759249999999998
            ],
            [
              87.88225,
              22.759249999999998
            ],
            [
              87.88225,
              22.760399999999997
            ],
            [
              87.8831,
              22.760399999999997
            ],
            [
              87.8831,
              22.7581
            ],
            [
              87.8814,
              22.7581
            ],
            [
              87.8814,
              22.754649999999998
            ],
            [
              87.88055,
              22.754649999999998
            ],
            [
              87.88055,
              22.755799999999997
            ],
            [
              87.8763,
              22.755799999999997
            ],
            [
              87.8763,
              22.75695
            ],
            [
              87.87375,
              22.75695
            ],
            [
              87.87375,
              22.7581
            ],
            [
              87.8712,
              22.7581
            ],
            [
              87.8712,
              22.760399999999997
            ],
            [
              87.8695,
              22.760399999999997
            ],
            [
              87.8695,
              22.76155
            ],
            [
              87.86865,
              22.76155
            ],
            [
              87.86865,
              22.7627
            ],
            [
              87.87035,
              22.7627
            ],
            [
              87.87035,
              22.76615
            ],
            [
              87.8712,
              22.76615
            ],
            [
              87.8712,
              22.7627
            ],
            [
              87.8746,
              22.7627
            ],
            [
              87.8746,
              22.7673
            ],
            [
              87.8712,
              22.7673
            ],
            [
              87.8712,
              22.7696
            ],
            [
              87.87205,
              22.7696
            ],
            [
              87.87205,
              22.7719
            ]
          ],
          [
            [
              87.8865,
              22.77075
            ],
            [
              87.8899,
              22.77075
            ],
            [
              87.8899,
              22.7696
            ],
            [
              87.88905,
              22.7696
            ],
            [
              87.88905,
              22.76615
            ],
            [
              87.89075,
              22.76615
            ],
            [
              87.89075,
              22.763849999999998
            ],
            [
              87.8916,
              22.763849999999998
            ],
            [
              87.8916,
              22.7627
            ],
            [
              87.8933,
              22.7627
            ],
            [
              87.8933,
              22.7581
            ],
            [
              87.8916,
              22.7581
            ],
            [
              87.8916,
              22.75695
            ],
            [
              87.88905,
              22.75695
            ],
            [
              87.88905,
              22.7581
            ],
            [
              87.8882,
              22.7581
            ],
            [
              87.8882,
              22.76155
            ],
            [
              87.88565,
              22.76155
            ],
            [
              87.88565,
              22.7627
            ],
            [
              87.88735,
              22.7627
            ],
            [
              87.88735,
              22.7696
            ],
            [
              87.8865,
              22.7696
            ],
            [
              87.8865,
              22.77075
            ]
          ],
          [
            [
              87.89925000000001,
              22.77075
            ],
            [
              87.90180000000001,
              22.77075
            ],
            [
              87.90180000000001,
              22.768449999999998
            ],
            [
              87.90010000000001,
              22.768449999999998
            ],
            [
              87.90010000000001,
              22.7673
            ],
            [
              87.89925000000001,
              22.7673
            ],
            [
              87.89925000000001,
              22.77075
            ]
          ],
          [
            [
              87.9086,
              22.7696
            ],
            [
              87.90945,
              22.7696
            ],
            [
              87.90945,
              22.768449999999998
            ],
            [
              87.9086,
              22.768449999999998
            ],
            [
              87.9086,
              22.7696
            ]
          ],
          [
            [
              87.89500000000001,
              22.768449999999998
            ],
            [
              87.89585000000001,
              22.768449999999998
            ],
            [
              87.89585000000001,
              22.7673
            ],
            [
              87.89500000000001,
              22.7673
            ],
            [
              87.89500000000001,
              22.768449999999998
            ]
          ],
          [
            [
              87.90435000000001,
              22.768449999999998
            ],
            [
              87.90520000000001,
              22.768449999999998
            ],
            [
              87.90520000000001,
              22.7673
            ],
            [
              87.90690000000001,
              22.7673
            ],
            [
              87.90690000000001,
              22.76615
            ],
            [
              87.90435000000001,
              22.76615
            ],
            [
              87.90435000000001,
              22.768449999999998
            ]
          ],
          [
            [
              87.90945,
              22.768449999999998
            ],
            [
              87.9103,
              22.768449999999998
            ],
            [
              87.9103,
              22.7673
            ],
            [
              87.90945,
              22.7673
            ],
            [
              87.90945,
              22.768449999999998
            ]
          ],
          [
            [
              87.86695,
              22.7673
            ],
            [
              87.86865,
              22.7673
            ],
            [
              87.86865,
              22.76615
            ],
            [
              87.86695,
              22.76615
            ],
            [
              87.86695,
              22.7673
            ]
          ],
          [
            [
              87.91795,
              22.7673
            ],
            [
              87.9188,
              22.7673
            ],
            [
              87.9188,
              22.7627
            ],
            [
              87.92135,
              22.7627
            ],
            [
              87.92135,
              22.76155
            ],
            [
              87.9188,
              22.76155
            ],
            [
              87.9188,
              22.759249999999998
            ],
            [
              87.91795,
              22.759249999999998
            ],
            [
              87.91795,
              22.760399999999997
            ],
            [
              87.91455,
              22.760399999999997
            ],
            [
              87.91455,
              22.75695
            ],
            [
              87.9171,
              22.75695
            ],
            [
              87.9171,
              22.75235
            ],
            [
              87.91625,
              22.75235
            ],
            [
              87.91625,
              22.755799999999997
            ],
            [
              87.91285,
              22.755799999999997
            ],
            [
              87.91285,
              22.751199999999997
            ],
            [
              87.9137,
              22.751199999999997
            ],
            [
              87.9137,
              22.750049999999998
            ],
            [
              87.91115,
              22.750049999999998
            ],
            [
              87.91115,
              22.7489
            ],
            [
              87.9086,
              22.7489
            ],
            [
              87.9086,
              22.745449999999998
            ],
            [
              87.9103,
              22.745449999999998
            ],
            [
              87.9103,
              22.74315
            ],
            [
              87.91115,
              22.74315
            ],
            [
              87.91115,
              22.7397
            ],
            [
              87.9086,
              22.7397
            ],
            [
              87.9086,
              22.73625
            ],
            [
              87.90945,
              22.73625
            ],
            [
              87.90945,
              22.73395
            ],
            [
              87.90775000000001,
              22.73395
            ],
            [
              87.90775000000001,
              22.73625
            ],
            [
              87.90435000000001,
              22.73625
            ],
            [
              87.90435000000001,
              22.737399999999997
            ],
            [
              87.90605000000001,
              22.737399999999997
            ],
            [
              87.90605000000001,
              22.74085
            ],
            [
              87.90435000000001,
              22.74085
            ],
            [
              87.90435000000001,
              22.741999999999997
            ],
            [
              87.90605000000001,
              22.741999999999997
            ],
            [
              87.90605000000001,
              22.745449999999998
            ],
            [
              87.90775000000001,
              22.745449999999998
            ],
            [
              87.90775000000001,
              22.7489
            ],
            [
              87.90690000000001,
              22.7489
            ],
            [
              87.90690000000001,
              22.750049999999998
            ],
            [
              87.9103,
              22.750049999999998
            ],
            [
              87.9103,
              22.751199999999997
            ],
            [
              87.91115,
              22.751199999999997
            ],
            [
              87.91115,
              22.75235
            ],
            [
              87.912,
              22.75235
            ],
            [
              87.912,
              22.755799999999997
            ],
            [
              87.9086,
              22.755799999999997
            ],
            [
              87.9086,
              22.754649999999998
            ],
            [
              87.90605000000001,
              22.754649999999998
            ],
            [
              87.90605000000001,
              22.755799999999997
            ],
            [
              87.90180000000001,
              22.755799999999997
            ],
            [
              87.90180000000001,
              22.751199999999997
            ],
            [
              87.90095000000001,
              22.751199999999997
            ],
            [
              87.90095000000001,
              22.75235
            ],
            [
              87.89670000000001,
              22.75235
            ],
            [
              87.89670000000001,
              22.7489
            ],
            [
              87.89925000000001,
              22.7489
            ],
            [
              87.89925000000001,
              22.74775
            ],
            [
              87.89840000000001,
              22.74775
            ],
            [
              87.89840000000001,
              22.74085
            ],
            [
              87.90095000000001,
              22.74085
            ],
            [
              87.90095000000001,
              22.73625
            ],
            [
              87.90350000000001,
              22.73625
            ],
            [
              87.90350000000001,
              22.732799999999997
            ],
            [
              87.90690000000001,
              22.732799999999997
            ],
            [
              87.90690000000001,
              22.73165
            ],
            [
              87.90435000000001,
              22.73165
            ],
            [
              87.90435000000001,
              22.72705
            ],
            [
              87.90350000000001,
              22.72705
            ],
            [
              87.90350000000001,
              22.7305
            ],
            [
              87.90265000000001,
              22.7305
            ],
            [
              87.90265000000001,
              22.732799999999997
            ],
            [
              87.90095000000001,
              22.732799999999997
            ],
            [
              87.90095000000001,
              22.7351
            ],
            [
              87.89840000000001,
              22.7351
            ],
            [
              87.89840000000001,
              22.73395
            ],
            [
              87.89755000000001,
              22.73395
            ],
            [
              87.89755000000001,
              22.73625
            ],
            [
              87.89670000000001,
              22.73625
            ],
            [
              87.89670000000001,
              22.737399999999997
            ],
            [
              87.89755000000001,
              22.737399999999997
            ],
            [
              87.89755000000001,
              22.74085
            ],
            [
              87.89670000000001,
              22.74085
            ],
            [
              87.89670000000001,
              22.74315
            ],
            [
              87.89415,
              22.74315
            ],
            [
              87.89415,
              22.7443
            ],
            [
              87.89585000000001,
              22.7443
            ],
            [
              87.89585000000001,
              22.74775
            ],
            [
              87.8933,
              22.74775
            ],
            [
              87.8933,
              22.745449999999998
            ],
            [
              87.89245,
              22.745449999999998
            ],
            [
              87.89245,
              22.746599999999997
            ],
            [
              87.89075,
              22.746599999999997
            ],
            [
              87.89075,
              22.74775
            ],
            [
              87.89245,
              22.74775
            ],
            [
              87.89245,
              22.751199999999997
            ],
            [
              87.89075,
              22.751199999999997
            ],
            [
              87.89075,
              22.75235
            ],
            [
              87.89245,
              22.75235
            ],
            [
              87.89245,
              22.754649999999998
            ],
            [
              87.89500000000001,
              22.754649999999998
            ],
            [
              87.89500000000001,
              22.75695
            ],
            [
              87.89585000000001,
              22.75695
            ],
            [
              87.89585000000001,
              22.759249999999998
            ],
            [
              87.89670000000001,
              22.759249999999998
            ],
            [
              87.89670000000001,
              22.763849999999998
            ],
            [
              87.89585000000001,
              22.763849999999998
            ],
            [
              87.89585000000001,
              22.76615
            ],
            [
              87.89840000000001,
              22.76615
            ],
            [
              87.89840000000001,
              22.7627
            ],
            [
              87.89755000000001,
              22.7627
            ],
            [
              87.89755000000001,
              22.759249999999998
            ],
            [
              87.90180000000001,
              22.759249999999998
            ],
            [
              87.90180000000001,
              22.7627
            ],
            [
              87.90265000000001,
              22.7627
            ],
            [
              87.90265000000001,
              22.76155
            ],
            [
              87.90775000000001,
              22.76155
            ],
            [
              87.90775000000001,
              22.763849999999998
            ],
            [
              87.90945,
              22.763849999999998
            ],
            [
              87.90945,
              22.75695
            ],
            [
              87.91285,
              22.75695
            ],
            [
              87.91285,
              22.759249999999998
            ],
            [
              87.9137,
              22.759249999999998
            ],
            [
              87.9137,
              22.7627
            ],
            [
              87.91455,
              22.7627
            ],
            [
              87.91455,
              22.76155
            ],
            [
              87.91795,
              22.76155
            ],
            [
              87.91795,
              22.7673
            ]
          ],
          [
            [
              87.9103,
              22.765
            ],
            [
              87.91115,
              22.765
            ],
            [
              87.91115,
              22.763849999999998
            ],
            [
              87.9103,
              22.763849999999998
            ],
            [
              87.9103,
              22.765
            ]
          ],
          [
            [
              87.90095000000001,
              22.763849999999998
            ],
            [
              87.90180000000001,
              22.763849999999998
            ],
            [
              87.90180000000001,
              22.7627
            ],
            [
              87.90095000000001,
              22.7627
            ],
            [
              87.90095000000001,
              22.763849999999998
            ]
          ],
          [
            [
              87.86355,
              22.7627
            ],
            [
              87.8644,
              22.7627
            ],
            [
              87.8644,
              22.76155
            ],
            [
              87.86355,
              22.76155
            ],
            [
              87.86355,
              22.7627
            ]
          ],
          [
            [
              87.85505,
              22.76155
            ],
            [
              87.8559,
              22.76155
            ],
            [
              87.8559,
              22.760399999999997
            ],
            [
              87.85505,
              22.760399999999997
            ],
            [
              87.85505,
              22.76155
            ]
          ],
          [
            [
              87.8644,
              22.760399999999997
            ],
            [
              87.8661,
              22.760399999999997
            ],
            [
              87.8661,
              22.75695
            ],
            [
              87.86695,
              22.75695
            ],
            [
              87.86695,
              22.755799999999997
            ],
            [
              87.86525,
              22.755799999999997
            ],
            [
              87.86525,
              22.754649999999998
            ],
            [
              87.8627,
              22.754649999999998
            ],
            [
              87.8627,
              22.755799999999997
            ],
            [
              87.8644,
              22.755799999999997
            ],
            [
              87.8644,
              22.760399999999997
            ]
          ],
          [
            [
              87.92135,
              22.759249999999998
            ],
            [
              87.9222,
              22.759249999999998
            ],
            [
              87.9222,
              22.7581
            ],
            [
              87.92135,
              22.7581
            ],
            [
              87.92135,
              22.759249999999998
            ]
          ],
          [
            [
              87.88395,
              22.7581
            ],
            [
              87.88565,
              22.7581
            ],
            [
              87.88565,
              22.75695
            ],
            [
              87.8865,
              22.75695
            ],
            [
              87.8865,
              22.754649999999998
            ],
            [
              87.8882,
              22.754649999999998
            ],
            [
              87.8882,
              22.7535
            ],
            [
              87.88735,
              22.7535
            ],
            [
              87.88735,
              22.751199999999997
            ],
            [
              87.8865,
              22.751199999999997
            ],
            [
              87.8865,
              22.7535
            ],
            [
              87.88565,
              22.7535
            ],
            [
              87.88565,
              22.755799999999997
            ],
            [
              87.88395,
              22.755799999999997
            ],
            [
              87.88395,
              22.7581
            ]
          ],
          [
            [
              87.87035,
              22.75695
            ],
            [
              87.8712,
              22.75695
            ],
            [
              87.8712,
              22.7535
            ],
            [
              87.8729,
              22.7535
            ],
            [
              87.8729,
              22.75235
            ],
            [
              87.86865,
              22.75235
            ],
            [
              87.86865,
              22.7535
            ],
            [
              87.87035,
              22.7535
            ],
            [
              87.87035,
              22.75695
            ]
          ],
          [
            [
              87.91965,
              22.755799999999997
            ],
            [
              87.9205,
              22.755799999999997
            ],
            [
              87.9205,
              22.7535
            ],
            [
              87.9222,
              22.7535
            ],
            [
              87.9222,
              22.7489
            ],
            [
              87.91795,
              22.7489
            ],
            [
              87.91795,
              22.75235
            ],
            [
              87.91965,
              22.75235
            ],
            [
              87.91965,
              22.755799999999997
            ]
          ],
          [
            [
              87.9324,
              22.755799999999997
            ],
            [
              87.93325,
              22.755799999999997
            ],
            [
              87.93325,
              22.754649999999998
            ],
            [
              87.9341,
              22.754649999999998
            ],
            [
              87.9341,
              22.75235
            ],
            [
              87.93495,
              22.75235
            ],
            [
              87.93495,
              22.751199999999997
            ],
            [
              87.93325,
              22.751199999999997
            ],
            [
              87.93325,
              22.75235
            ],
            [
              87.92985,
              22.75235
            ],
            [
              87.92985,
              22.7535
            ],
            [
              87.9324,
              22.7535
            ],
            [
              87.9324,
              22.755799999999997
            ]
          ],
          [
            [
              87.92475,
              22.7535
            ],
            [
              87.9256,
              22.7535
            ],
            [
              87.9256,
              22.750049999999998
            ],
            [
              87.92815,
              22.750049999999998
            ],
            [
              87.92815,
              22.74775
            ],
            [
              87.92645,
              22.74775
            ],
            [
              87.92645,
              22.746599999999997
            ],
            [
              87.9256,
              22.746599999999997
            ],
            [
              87.9256,
              22.7489
            ],
            [
              87.92475,
              22.7489
            ],
            [
              87.92475,
              22.7535
            ]
          ],
          [
            [
              87.90520000000001,
              22.75235
            ],
            [
              87.90605000000001,
              22.75235
            ],
            [
              87.90605000000001,
              22.751199999999997
            ],
            [
              87.90520000000001,
              22.751199999999997
            ],
            [
              87.90520000000001,
              22.75235
            ]
          ],
          [
            [
              87.87715,
              22.751199999999997
            ],
            [
              87.878,
              22.751199999999997
            ],
            [
              87.878,
              22.750049999999998
            ],
            [
              87.87715,
              22.750049999999998
            ],
            [
              87.87715,
              22.751199999999997
            ]
          ],
          [
            [
              87.88055,
              22.751199999999997
            ],
            [
              87.8814,
              22.751199999999997
            ],
            [
              87.8814,
              22.750049999999998
            ],
            [
              87.88055,
              22.750049999999998
            ],
            [
              87.88055,
              22.751199999999997
            ]
          ],
          [
            [
              87.87885,
              22.750049999999998
            ],
            [
              87.8797,
              22.750049999999998
            ],
            [
              87.8797,
              22.7489
            ],
            [
              87.87885,
              22.7489
            ],
            [
              87.87885,
              22.750049999999998
            ]
          ],
          [
            [
              87.9137,
              22.7489
            ],
            [
              87.91795,
              22.7489
            ],
            [
              87.91795,
              22.7443
            ],
            [
              87.91455,
              22.7443
            ],
            [
              87.91455,
              22.746599999999997
            ],
            [
              87.9137,
              22.746599999999997
            ],
            [
              87.9137,
              22.7489
            ]
          ],
          [
            [
              87.88225,
              22.74775
            ],
            [
              87.8831,
              22.74775
            ],
            [
              87.8831,
              22.746599999999997
            ],
            [
              87.88395,
              22.746599999999997
            ],
            [
              87.88395,
              22.7443
            ],
            [
              87.88565,
              22.7443
            ],
            [
              87.88565,
              22.74315
            ],
            [
              87.88395,
              22.74315
            ],
            [
              87.88395,
              22.7397
            ],
            [
              87.8865,
              22.7397
            ],
            [
              87.8865,
              22.741999999999997
            ],
            [
              87.88905,
              22.741999999999997
            ],
            [
              87.88905,
              22.73855
            ],
            [
              87.88735,
              22.73855
            ],
            [
              87.88735,
              22.73395
            ],
            [
              87.8899,
              22.73395
            ],
            [
              87.8899,
              22.737399999999997
            ],
            [
              87.89075,
              22.737399999999997
            ],
            [
              87.89075,
              22.7351
            ],
            [
              87.8916,
              22.7351
            ],
            [
              87.8916,
              22.73165
            ],
            [
              87.89075,
              22.73165
            ],
            [
              87.89075,
              22.732799999999997
            ],
            [
              87.8865,
              22.732799999999997
            ],
            [
              87.8865,
              22.73625
            ],
            [
              87.88225,
              22.73625
            ],
            [
              87.88225,
              22.73395
            ],
            [
              87.8814,
              22.73395
            ],
            [
              87.8814,
              22.7305
            ],
            [
              87.88055,
              22.7305
            ],
            [
              87.88055,
              22.7397
            ],
            [
              87.878,
              22.7397
            ],
            [
              87.878,
              22.74085
            ],
            [
              87.87715,
              22.74085
            ],
            [
              87.87715,
              22.7443
            ],
            [
              87.87545,
              22.7443
            ],
            [
              87.87545,
              22.745449999999998
            ],
            [
              87.878,
              22.745449999999998
            ],
            [
              87.878,
              22.746599999999997
            ],
            [
              87.87885,
              22.746599999999997
            ],
            [
              87.87885,
              22.741999999999997
            ],
            [
              87.8814,
              22.741999999999997
            ],
            [
              87.8814,
              22.7443
            ],
            [
              87.88225,
              22.7443
            ],
            [
              87.88225,
              22.74775
            ]
          ],
          [
            [
              87.88735,
              22.74775
            ],
            [
              87.8882,
              22.74775
            ],
            [
              87.8882,
              22.746599999999997
            ],
            [
              87.88735,
              22.746599999999997
            ],
            [
              87.88735,
              22.74775
            ]
          ],
          [
            [
              87.90435000000001,
              22.74775
            ],
            [
              87.90520000000001,
              22.74775
            ],
            [
              87.90520000000001,
              22.745449999999998
            ],
            [
              87.90350000000001,
              22.745449999999998
            ],
            [
              87.90350000000001,
              22.746599999999997
            ],
            [
              87.90435000000001,
              22.746599999999997
            ],
            [
              87.90435000000001,
              22.74775
            ]
          ],
          [
            [
              87.929,
              22.746599999999997
            ],
            [
              87.92985,
              22.746599999999997
            ],
            [
              87.92985,
              22.745449999999998
            ],
            [
              87.929,
              22.745449999999998
            ],
            [
              87.929,
              22.746599999999997
            ]
          ],
          [
            [
              87.93325,
              22.746599999999997
            ],
            [
              87.9341,
              22.746599999999997
            ],
            [
              87.9341,
              22.74315
            ],
            [
              87.93325,
              22.74315
            ],
            [
              87.93325,
              22.746599999999997
            ]
          ],
          [
            [
              87.9205,
              22.745449999999998
            ],
            [
              87.92135,
              22.745449999999998
            ],
            [
              87.92135,
              22.74315
            ],
            [
              87.92475,
              22.74315
            ],
            [
              87.92475,
              22.741999999999997
            ],
            [
              87.9256,
              22.741999999999997
            ],
            [
              87.9256,
              22.7351
            ],
            [
              87.9239,
              22.7351
            ],
            [
              87.9239,
              22.7305
            ],
            [
              87.92475,
              22.7305
            ],
            [
              87.92475,
              22.72935
            ],
            [
              87.9239,
              22.72935
            ],
            [
              87.9239,
              22.72475
            ],
            [
              87.92305,
              22.72475
            ],
            [
              87.92305,
              22.72705
            ],
            [
              87.9205,
              22.72705
            ],
            [
              87.9205,
              22.728199999999998
            ],
            [
              87.9222,
              22.728199999999998
            ],
            [
              87.9222,
              22.732799999999997
            ],
            [
              87.91965,
              22.732799999999997
            ],
            [
              87.91965,
              22.728199999999998
            ],
            [
              87.9188,
              22.728199999999998
            ],
            [
              87.9188,
              22.72935
            ],
            [
              87.91625,
              22.72935
            ],
            [
              87.91625,
              22.7259
            ],
            [
              87.9171,
              22.7259
            ],
            [
              87.9171,
              22.72475
            ],
            [
              87.9154,
              22.72475
            ],
            [
              87.9154,
              22.72245
            ],
            [
              87.91285,
              22.72245
            ],
            [
              87.91285,
              22.723599999999998
            ],
            [
              87.91455,
              22.723599999999998
            ],
            [
              87.91455,
              22.72705
            ],
            [
              87.9154,
              22.72705
            ],
            [
              87.9154,
              22.7305
            ],
            [
              87.9137,
              22.7305
            ],
            [
              87.9137,
              22.73395
            ],
            [
              87.9171,
              22.73395
            ],
            [
              87.9171,
              22.7351
            ],
            [
              87.91965,
              22.7351
            ],
            [
              87.91965,
              22.73855
            ],
            [
              87.91795,
              22.73855
            ],
            [
              87.91795,
              22.7443
            ],
            [
              87.9205,
              22.7443
            ],
            [
              87.9205,
              22.745449999999998
            ]
          ],
          [
            [
              87.90180000000001,
              22.7443
            ],
            [
              87.90265000000001,
              22.7443
            ],
            [
              87.90265000000001,
              22.74315
            ],
            [
              87.90180000000001,
              22.74315
            ],
            [
              87.90180000000001,
              22.7443
            ]
          ],
          [
            [
              87.88905,
              22.74315
            ],
            [
              87.89075,
              22.74315
            ],
            [
              87.89075,
              22.741999999999997
            ],
            [
              87.88905,
              22.741999999999997
            ],
            [
              87.88905,
              22.74315
            ]
          ],
          [
            [
              87.93155,
              22.74315
            ],
            [
              87.93325,
              22.74315
            ],
            [
              87.93325,
              22.73855
            ],
            [
              87.93495,
              22.73855
            ],
            [
              87.93495,
              22.73625
            ],
            [
              87.9341,
              22.73625
            ],
            [
              87.9341,
              22.732799999999997
            ],
            [
              87.93325,
              22.732799999999997
            ],
            [
              87.93325,
              22.737399999999997
            ],
            [
              87.92985,
              22.737399999999997
            ],
            [
              87.92985,
              22.7351
            ],
            [
              87.929,
              22.7351
            ],
            [
              87.929,
              22.73855
            ],
            [
              87.9307,
              22.73855
            ],
            [
              87.9307,
              22.7397
            ],
            [
              87.93155,
              22.7397
            ],
            [
              87.93155,
              22.74315
            ]
          ],
          [
            [
              87.87035,
              22.741999999999997
            ],
            [
              87.8712,
              22.741999999999997
            ],
            [
              87.8712,
              22.74085
            ],
            [
              87.87035,
              22.74085
            ],
            [
              87.87035,
              22.741999999999997
            ]
          ],
          [
            [
              87.87375,
              22.741999999999997
            ],
            [
              87.8746,
              22.741999999999997
            ],
            [
              87.8746,
              22.74085
            ],
            [
              87.87375,
              22.74085
            ],
            [
              87.87375,
              22.741999999999997
            ]
          ],
          [
            [
              87.8916,
              22.7397
            ],
            [
              87.89245,
              22.7397
            ],
            [
              87.89245,
              22.73855
            ],
            [
              87.8916,
              22.73855
            ],
            [
              87.8916,
              22.7397
            ]
          ],
          [
            [
              87.8933,
              22.73855
            ],
            [
              87.89500000000001,
              22.73855
            ],
            [
              87.89500000000001,
              22.737399999999997
            ],
            [
              87.89415,
              22.737399999999997
            ],
            [
              87.89415,
              22.73625
            ],
            [
              87.8933,
              22.73625
            ],
            [
              87.8933,
              22.73855
            ]
          ],
          [
            [
              87.91115,
              22.73855
            ],
            [
              87.912,
              22.73855
            ],
            [
              87.912,
              22.737399999999997
            ],
            [
              87.91115,
              22.737399999999997
            ],
            [
              87.91115,
              22.73855
            ]
          ],
          [
            [
              87.91625,
              22.73855
            ],
            [
              87.9171,
              22.73855
            ],
            [
              87.9171,
              22.737399999999997
            ],
            [
              87.91625,
              22.737399999999997
            ],
            [
              87.91625,
              22.73855
            ]
          ],
          [
            [
              87.8712,
              22.737399999999997
            ],
            [
              87.87205,
              22.737399999999997
            ],
            [
              87.87205,
              22.73625
            ],
            [
              87.8712,
              22.73625
            ],
            [
              87.8712,
              22.737399999999997
            ]
          ],
          [
            [
              87.87715,
              22.737399999999997
            ],
            [
              87.878,
              22.737399999999997
            ],
            [
              87.878,
              22.732799999999997
            ],
            [
              87.87715,
              22.732799999999997
            ],
            [
              87.87715,
              22.737399999999997
            ]
          ],
          [
            [
              87.86525,
              22.73625
            ],
            [
              87.8661,
              22.73625
            ],
            [
              87.8661,
              22.7351
            ],
            [
              87.8678,
              22.7351
            ],
            [
              87.8678,
              22.73395
            ],
            [
              87.86695,
              22.73395
            ],
            [
              87.86695,
              22.73165
            ],
            [
              87.8661,
              22.73165
            ],
            [
              87.8661,
              22.73395
            ],
            [
              87.86525,
              22.73395
            ],
            [
              87.86525,
              22.73625
            ]
          ],
          [
            [
              87.87545,
              22.732799999999997
            ],
            [
              87.8763,
              22.732799999999997
            ],
            [
              87.8763,
              22.73165
            ],
            [
              87.87545,
              22.73165
            ],
            [
              87.87545,
              22.732799999999997
            ]
          ],
          [
            [
              87.8848,
              22.732799999999997
            ],
            [
              87.88565,
              22.732799999999997
            ],
            [
              87.88565,
              22.73165
            ],
            [
              87.8848,
              22.73165
            ],
            [
              87.8848,
              22.732799999999997
            ]
          ],
          [
            [
              87.89585000000001,
              22.732799999999997
            ],
            [
              87.89670000000001,
              22.732799999999997
            ],
            [
              87.89670000000001,
              22.72935
            ],
            [
              87.89415,
              22.72935
            ],
            [
              87.89415,
              22.7305
            ],
            [
              87.89585000000001,
              22.7305
            ],
            [
              87.89585000000001,
              22.732799999999997
            ]
          ],
          [
            [
              87.9103,
              22.732799999999997
            ],
            [
              87.91115,
              22.732799999999997
            ],
            [
              87.91115,
              22.7305
            ],
            [
              87.91285,
              22.7305
            ],
            [
              87.91285,
              22.72705
            ],
            [
              87.912,
              22.72705
            ],
            [
              87.912,
              22.72935
            ],
            [
              87.90690000000001,
              22.72935
            ],
            [
              87.90690000000001,
              22.7305
            ],
            [
              87.9103,
              22.7305
            ],
            [
              87.9103,
              22.732799999999997
            ]
          ],
          [
            [
              87.92645,
              22.732799999999997
            ],
            [
              87.9273,
              22.732799999999997
            ],
            [
              87.9273,
              22.73165
            ],
            [
              87.92645,
              22.73165
            ],
            [
              87.92645,
              22.732799999999997
            ]
          ],
          [
            [
              87.9307,
              22.732799999999997
            ],
            [
              87.93155,
              22.732799999999997
            ],
            [
              87.93155,
              22.72935
            ],
            [
              87.92815,
              22.72935
            ],
            [
              87.92815,
              22.7305
            ],
            [
              87.9307,
              22.7305
            ],
            [
              87.9307,
              22.732799999999997
            ]
          ],
          [
            [
              87.89925000000001,
              22.73165
            ],
            [
              87.90010000000001,
              22.73165
            ],
            [
              87.90010000000001,
              22.728199999999998
            ],
            [
              87.89925000000001,
              22.728199999999998
            ],
            [
              87.89925000000001,
              22.7259
            ],
            [
              87.89755000000001,
              22.7259
            ],
            [
              87.89755000000001,
              22.72475
            ],
            [
              87.89670000000001,
              22.72475
            ],
            [
              87.89670000000001,
              22.72935
            ],
            [
              87.89925000000001,
              22.72935
            ],
            [
              87.89925000000001,
              22.73165
            ]
          ],
          [
            [
              87.87885,
              22.7305
            ],
            [
              87.88055,
              22.7305
            ],
            [
              87.88055,
              22.72705
            ],
            [
              87.87885,
              22.72705
            ],
            [
              87.87885,
              22.7305
            ]
          ],
          [
            [
              87.8831,
              22.7305
            ],
            [
              87.88395,
              22.7305
            ],
            [
              87.88395,
              22.72935
            ],
            [
              87.8831,
              22.72935
            ],
            [
              87.8831,
              22.7305
            ]
          ],
          [
            [
              87.89245,
              22.72935
            ],
            [
              87.89415,
              22.72935
            ],
            [
              87.89415,
              22.7259
            ],
            [
              87.8916,
              22.7259
            ],
            [
              87.8916,
              22.72475
            ],
            [
              87.89075,
              22.72475
            ],
            [
              87.89075,
              22.7213
            ],
            [
              87.89415,
              22.7213
            ],
            [
              87.89415,
              22.71555
            ],
            [
              87.89840000000001,
              22.71555
            ],
            [
              87.89840000000001,
              22.718999999999998
            ],
            [
              87.89670000000001,
              22.718999999999998
            ],
            [
              87.89670000000001,
              22.72015
            ],
            [
              87.89840000000001,
              22.72015
            ],
            [
              87.89840000000001,
              22.72245
            ],
            [
              87.90180000000001,
              22.72245
            ],
            [
              87.90180000000001,
              22.7213
            ],
            [
              87.90350000000001,
              22.7213
            ],
            [
              87.90350000000001,
              22.71785
            ],
            [
              87.90435000000001,
              22.71785
            ],
            [
              87.90435000000001,
              22.71555
            ],
            [
              87.89925000000001,
              22.71555
            ],
            [
              87.89925000000001,
              22.714399999999998
            ],
            [
              87.89840000000001,
              22.714399999999998
            ],
            [
              87.89840000000001,
              22.71325
            ],
            [
              87.8933,
              22.71325
            ],
            [
              87.8933,
              22.71095
            ],
            [
              87.8899,
              22.71095
            ],
            [
              87.8899,
              22.714399999999998
            ],
            [
              87.88735,
              22.714399999999998
            ],
            [
              87.88735,
              22.71095
            ],
            [
              87.8865,
              22.71095
            ],
            [
              87.8865,
              22.714399999999998
            ],
            [
              87.88565,
              22.714399999999998
            ],
            [
              87.88565,
              22.71555
            ],
            [
              87.8831,
              22.71555
            ],
            [
              87.8831,
              22.718999999999998
            ],
            [
              87.8814,
              22.718999999999998
            ],
            [
              87.8814,
              22.72015
            ],
            [
              87.88225,
              22.72015
            ],
            [
              87.88225,
              22.723599999999998
            ],
            [
              87.8865,
              22.723599999999998
            ],
            [
              87.8865,
              22.72245
            ],
            [
              87.88565,
              22.72245
            ],
            [
              87.88565,
              22.718999999999998
            ],
            [
              87.8882,
              22.718999999999998
            ],
            [
              87.8882,
              22.72245
            ],
            [
              87.8899,
              22.72245
            ],
            [
              87.8899,
              22.72705
            ],
            [
              87.89245,
              22.72705
            ],
            [
              87.89245,
              22.72935
            ]
          ],
          [
            [
              87.8882,
              22.728199999999998
            ],
            [
              87.88905,
              22.728199999999998
            ],
            [
              87.88905,
              22.72705
            ],
            [
              87.8882,
              22.72705
            ],
            [
              87.8882,
              22.728199999999998
            ]
          ],
          [
            [
              87.878,
              22.72705
            ],
            [
              87.87885,
              22.72705
            ],
            [
              87.87885,
              22.7259
            ],
            [
              87.878,
              22.7259
            ],
            [
              87.878,
              22.72705
            ]
          ],
          [
            [
              87.86355,
              22.7259
            ],
            [
              87.8644,
              22.7259
            ],
            [
              87.8644,
              22.72475
            ],
            [
              87.86355,
              22.72475
            ],
            [
              87.86355,
              22.7259
            ]
          ],
          [
            [
              87.90945,
              22.7259
            ],
            [
              87.9103,
              22.7259
            ],
            [
              87.9103,
              22.72475
            ],
            [
              87.90945,
              22.72475
            ],
            [
              87.90945,
              22.7259
            ]
          ],
          [
            [
              87.8814,
              22.72475
            ],
            [
              87.88225,
              22.72475
            ],
            [
              87.88225,
              22.723599999999998
            ],
            [
              87.8814,
              22.723599999999998
            ],
            [
              87.8814,
              22.72475
            ]
          ],
          [
            [
              87.89415,
              22.72475
            ],
            [
              87.89585000000001,
              22.72475
            ],
            [
              87.89585000000001,
              22.723599999999998
            ],
            [
              87.89500000000001,
              22.723599999999998
            ],
            [
              87.89500000000001,
              22.72245
            ],
            [
              87.89415,
              22.72245
            ],
            [
              87.89415,
              22.72475
            ]
          ],
          [
            [
              87.90435000000001,
              22.723599999999998
            ],
            [
              87.9086,
              22.723599999999998
            ],
            [
              87.9086,
              22.72245
            ],
            [
              87.90435000000001,
              22.72245
            ],
            [
              87.90435000000001,
              22.723599999999998
            ]
          ],
          [
            [
              87.878,
              22.72245
            ],
            [
              87.8797,
              22.72245
            ],
            [
              87.8797,
              22.7213
            ],
            [
              87.878,
              22.7213
            ],
            [
              87.878,
              22.72245
            ]
          ],
          [
            [
              87.90945,
              22.7213
            ],
            [
              87.91115,
              22.7213
            ],
            [
              87.91115,
              22.72015
            ],
            [
              87.90945,
              22.72015
            ],
            [
              87.90945,
              22.7213
            ]
          ],
          [
            [
              87.85505,
              22.71785
            ],
            [
              87.8559,
              22.71785
            ],
            [
              87.8559,
              22.7167
            ],
            [
              87.85505,
              22.7167
            ],
            [
              87.85505,
              22.71785
            ]
          ],
          [
            [
              87.86865,
              22.7167
            ],
            [
              87.8695,
              22.7167
            ],
            [
              87.8695,
              22.71555
            ],
            [
              87.8712,
              22.71555
            ],
            [
              87.8712,
              22.714399999999998
            ],
            [
              87.8678,
              22.714399999999998
            ],
            [
              87.8678,
              22.71555
            ],
            [
              87.86865,
              22.71555
            ],
            [
              87.86865,
              22.7167
            ]
          ],
          [
            [
              87.87715,
              22.7167
            ],
            [
              87.87885,
              22.7167
            ],
            [
              87.87885,
              22.71555
            ],
            [
              87.87715,
              22.71555
            ],
            [
              87.87715,
              22.7167
            ]
          ],
          [
            [
              87.88225,
              22.71555
            ],
            [
              87.8831,
              22.71555
            ],
            [
              87.8831,
              22.71325
            ],
            [
              87.88225,
              22.71325
            ],
            [
              87.88225,
              22.71555
            ]
          ],
          [
            [
              87.87205,
              22.714399999999998
            ],
            [
              87.8729,
              22.714399999999998
            ],
            [
              87.8729,
              22.7121
            ],
            [
              87.87375,
              22.7121
            ],
            [
              87.87375,
              22.71095
            ],
            [
              87.87205,
              22.71095
            ],
            [
              87.87205,
              22.714399999999998
            ]
          ],
          [
            [
              87.91285,
              22.71325
            ],
            [
              87.91455,
              22.71325
            ],
            [
              87.91455,
              22.71095
            ],
            [
              87.9137,
              22.71095
            ],
            [
              87.9137,
              22.7121
            ],
            [
              87.91285,
              22.7121
            ],
            [
              87.91285,
              22.71325
            ]
          ],
          [
            [
              87.878,
              22.7121
            ],
            [
              87.87885,
              22.7121
            ],
            [
              87.87885,
              22.71095
            ],
            [
              87.878,
              22.71095
            ],
            [
              87.878,
              22.7121
            ]
          ]
        ]
      }
    }
  ]
}